Measure_code,AIRA_SIMPLE,COUNTRY_REGION
AIRA_1,NO,ALB
AIRA_1,YES,AND
AIRA_1,UD,ARM
AIRA_1,NO,AUT
AIRA_1,UD,AZE
AIRA_1,NO,BLR
AIRA_1,NO,BEL
AIRA_1,NO,BGR
AIRA_1,NO,HRV
AIRA_1,UD,CYP
AIRA_1,UD,CZE
AIRA_1,NO,DNK
AIRA_1,NO,EST
AIRA_1,YES,FIN
AIRA_1,NO,FRA
AIRA_1,NO,GEO
AIRA_1,NO,DEU
AIRA_1,NO,GRC
AIRA_1,NO,HUN
AIRA_1,NO,ISL
AIRA_1,NO,IRL
AIRA_1,UD,ISR
AIRA_1,UD,ITA
AIRA_1,NO,KAZ
AIRA_1,NO,KGZ
AIRA_1,NO,LVA
AIRA_1,NO,LTU
AIRA_1,NO,LUX
AIRA_1,NO,MLT
AIRA_1,NO,MNE
AIRA_1,NO,NLD
AIRA_1,NO,MKD
AIRA_1,NO,NOR
AIRA_1,NO,POL
AIRA_1,NO,PRT
AIRA_1,NO,MDA
AIRA_1,NO,ROU
AIRA_1,NO,RUS
AIRA_1,NO,SMR
AIRA_1,NO,SRB
AIRA_1,YES,SVK
AIRA_1,NO,SVN
AIRA_1,UD,ESP
AIRA_1,YES,SWE
AIRA_1,NO,CHE
AIRA_1,NO,TUR
AIRA_1,NO,TJK
AIRA_1,NO,UKR
AIRA_1,NO,GBR
AIRA_1,NO,UZB
AIRA_1,,BIH
AIRA_1,,MCO
AIRA_1,,TKM
AIRA_2,UD,ALB
AIRA_2,YES,AND
AIRA_2,UD,ARM
AIRA_2,YES,AUT
AIRA_2,NO,AZE
AIRA_2,NO,BLR
AIRA_2,YES,BEL
AIRA_2,YES,BGR
AIRA_2,UD,HRV
AIRA_2,NO,CYP
AIRA_2,YES,CZE
AIRA_2,YES,DNK
AIRA_2,UD,EST
AIRA_2,YES,FIN
AIRA_2,YES,FRA
AIRA_2,UD,GEO
AIRA_2,YES,DEU
AIRA_2,YES,GRC
AIRA_2,YES,HUN
AIRA_2,YES,ISL
AIRA_2,YES,IRL
AIRA_2,YES,ISR
AIRA_2,YES,ITA
AIRA_2,UD,KAZ
AIRA_2,NO,KGZ
AIRA_2,NO,LVA
AIRA_2,YES,LTU
AIRA_2,YES,LUX
AIRA_2,YES,MLT
AIRA_2,NO,MNE
AIRA_2,YES,NLD
AIRA_2,NO,MKD
AIRA_2,YES,NOR
AIRA_2,YES,POL
AIRA_2,YES,PRT
AIRA_2,NO,MDA
AIRA_2,YES,ROU
AIRA_2,YES,RUS
AIRA_2,DNK,SMR
AIRA_2,YES,SRB
AIRA_2,YES,SVK
AIRA_2,YES,SVN
AIRA_2,YES,ESP
AIRA_2,YES,SWE
AIRA_2,YES,CHE
AIRA_2,YES,TUR
AIRA_2,UD,TJK
AIRA_2,YES,UKR
AIRA_2,YES,GBR
AIRA_2,UD,UZB
AIRA_2,,BIH
AIRA_2,,MCO
AIRA_2,,TKM
AIRA_3,YES,ALB
AIRA_3,NO,AND
AIRA_3,YES,ARM
AIRA_3,YES,AUT
AIRA_3,,AZE
AIRA_3,,BLR
AIRA_3,YES,BEL
AIRA_3,NO,BGR
AIRA_3,NO,HRV
AIRA_3,,CYP
AIRA_3,NO,CZE
AIRA_3,YES,DNK
AIRA_3,YES,EST
AIRA_3,NO,FIN
AIRA_3,YES,FRA
AIRA_3,NO,GEO
AIRA_3,NO,DEU
AIRA_3,NO,GRC
AIRA_3,NO,HUN
AIRA_3,NO,ISL
AIRA_3,NO,IRL
AIRA_3,NO,ISR
AIRA_3,NO,ITA
AIRA_3,YES,KAZ
AIRA_3,,KGZ
AIRA_3,,LVA
AIRA_3,NO,LTU
AIRA_3,NO,LUX
AIRA_3,NO,MLT
AIRA_3,,MNE
AIRA_3,NO,NLD
AIRA_3,,MKD
AIRA_3,YES,NOR
AIRA_3,YES,POL
AIRA_3,NO,PRT
AIRA_3,,MDA
AIRA_3,NO,ROU
AIRA_3,YES,RUS
AIRA_3,,SMR
AIRA_3,YES,SRB
AIRA_3,YES,SVK
AIRA_3,NO,SVN
AIRA_3,NO,ESP
AIRA_3,YES,SWE
AIRA_3,YES,CHE
AIRA_3,YES,TUR
AIRA_3,NO,TJK
AIRA_3,YES,UKR
AIRA_3,YES,GBR
AIRA_3,YES,UZB
AIRA_3,,BIH
AIRA_3,,MCO
AIRA_3,,TKM
AIRA_4,NO,ALB
AIRA_4,NO,AND
AIRA_4,NO,ARM
AIRA_4,YES,AUT
AIRA_4,,AZE
AIRA_4,,BLR
AIRA_4,NO,BEL
AIRA_4,NO,BGR
AIRA_4,NO,HRV
AIRA_4,,CYP
AIRA_4,NO,CZE
AIRA_4,NO,DNK
AIRA_4,NO,EST
AIRA_4,NO,FIN
AIRA_4,NO,FRA
AIRA_4,NO,GEO
AIRA_4,NO,DEU
AIRA_4,NO,GRC
AIRA_4,NO,HUN
AIRA_4,NO,ISL
AIRA_4,NO,IRL
AIRA_4,NO,ISR
AIRA_4,NO,ITA
AIRA_4,NO,KAZ
AIRA_4,,KGZ
AIRA_4,,LVA
AIRA_4,NO,LTU
AIRA_4,NO,LUX
AIRA_4,NO,MLT
AIRA_4,,MNE
AIRA_4,NO,NLD
AIRA_4,,MKD
AIRA_4,NO,NOR
AIRA_4,NO,POL
AIRA_4,NO,PRT
AIRA_4,,MDA
AIRA_4,NO,ROU
AIRA_4,YES,RUS
AIRA_4,,SMR
AIRA_4,NO,SRB
AIRA_4,NO,SVK
AIRA_4,NO,SVN
AIRA_4,YES,ESP
AIRA_4,NO,SWE
AIRA_4,NO,CHE
AIRA_4,NO,TUR
AIRA_4,YES,TJK
AIRA_4,NO,UKR
AIRA_4,NO,GBR
AIRA_4,YES,UZB
AIRA_4,,BIH
AIRA_4,,MCO
AIRA_4,,TKM
AIRA_5,NO,ALB
AIRA_5,NO,AND
AIRA_5,YES,ARM
AIRA_5,YES,AUT
AIRA_5,,AZE
AIRA_5,,BLR
AIRA_5,NO,BEL
AIRA_5,NO,BGR
AIRA_5,NO,HRV
AIRA_5,,CYP
AIRA_5,NO,CZE
AIRA_5,NO,DNK
AIRA_5,NO,EST
AIRA_5,YES,FIN
AIRA_5,NO,FRA
AIRA_5,NO,GEO
AIRA_5,NO,DEU
AIRA_5,NO,GRC
AIRA_5,NO,HUN
AIRA_5,NO,ISL
AIRA_5,NO,IRL
AIRA_5,NO,ISR
AIRA_5,NO,ITA
AIRA_5,NO,KAZ
AIRA_5,,KGZ
AIRA_5,,LVA
AIRA_5,YES,LTU
AIRA_5,NO,LUX
AIRA_5,NO,MLT
AIRA_5,,MNE
AIRA_5,NO,NLD
AIRA_5,,MKD
AIRA_5,YES,NOR
AIRA_5,NO,POL
AIRA_5,NO,PRT
AIRA_5,,MDA
AIRA_5,NO,ROU
AIRA_5,NO,RUS
AIRA_5,,SMR
AIRA_5,YES,SRB
AIRA_5,NO,SVK
AIRA_5,NO,SVN
AIRA_5,YES,ESP
AIRA_5,NO,SWE
AIRA_5,NO,CHE
AIRA_5,NO,TUR
AIRA_5,NO,TJK
AIRA_5,NO,UKR
AIRA_5,NO,GBR
AIRA_5,NO,UZB
AIRA_5,,BIH
AIRA_5,,MCO
AIRA_5,,TKM
AIRA_6,NO,ALB
AIRA_6,NO,AND
AIRA_6,YES,ARM
AIRA_6,NO,AUT
AIRA_6,,AZE
AIRA_6,,BLR
AIRA_6,NO,BEL
AIRA_6,NO,BGR
AIRA_6,NO,HRV
AIRA_6,,CYP
AIRA_6,NO,CZE
AIRA_6,NO,DNK
AIRA_6,NO,EST
AIRA_6,YES,FIN
AIRA_6,NO,FRA
AIRA_6,NO,GEO
AIRA_6,NO,DEU
AIRA_6,NO,GRC
AIRA_6,NO,HUN
AIRA_6,NO,ISL
AIRA_6,NO,IRL
AIRA_6,NO,ISR
AIRA_6,NO,ITA
AIRA_6,NO,KAZ
AIRA_6,,KGZ
AIRA_6,,LVA
AIRA_6,NO,LTU
AIRA_6,NO,LUX
AIRA_6,NO,MLT
AIRA_6,,MNE
AIRA_6,NO,NLD
AIRA_6,,MKD
AIRA_6,NO,NOR
AIRA_6,NO,POL
AIRA_6,NO,PRT
AIRA_6,,MDA
AIRA_6,NO,ROU
AIRA_6,NO,RUS
AIRA_6,,SMR
AIRA_6,NO,SRB
AIRA_6,YES,SVK
AIRA_6,NO,SVN
AIRA_6,NO,ESP
AIRA_6,NO,SWE
AIRA_6,NO,CHE
AIRA_6,NO,TUR
AIRA_6,NO,TJK
AIRA_6,NO,UKR
AIRA_6,NO,GBR
AIRA_6,NO,UZB
AIRA_6,,BIH
AIRA_6,,MCO
AIRA_6,,TKM
AIRA_7,NO,ALB
AIRA_7,YES,AND
AIRA_7,YES,ARM
AIRA_7,NO,AUT
AIRA_7,,AZE
AIRA_7,,BLR
AIRA_7,NO,BEL
AIRA_7,NO,BGR
AIRA_7,YES,HRV
AIRA_7,,CYP
AIRA_7,YES,CZE
AIRA_7,NO,DNK
AIRA_7,YES,EST
AIRA_7,YES,FIN
AIRA_7,YES,FRA
AIRA_7,NO,GEO
AIRA_7,NO,DEU
AIRA_7,NO,GRC
AIRA_7,YES,HUN
AIRA_7,NO,ISL
AIRA_7,YES,IRL
AIRA_7,YES,ISR
AIRA_7,NO,ITA
AIRA_7,YES,KAZ
AIRA_7,,KGZ
AIRA_7,,LVA
AIRA_7,NO,LTU
AIRA_7,NO,LUX
AIRA_7,YES,MLT
AIRA_7,,MNE
AIRA_7,YES,NLD
AIRA_7,,MKD
AIRA_7,YES,NOR
AIRA_7,NO,POL
AIRA_7,YES,PRT
AIRA_7,,MDA
AIRA_7,YES,ROU
AIRA_7,YES,RUS
AIRA_7,,SMR
AIRA_7,NO,SRB
AIRA_7,NO,SVK
AIRA_7,NO,SVN
AIRA_7,YES,ESP
AIRA_7,YES,SWE
AIRA_7,NO,CHE
AIRA_7,NO,TUR
AIRA_7,NO,TJK
AIRA_7,NO,UKR
AIRA_7,NO,GBR
AIRA_7,NO,UZB
AIRA_7,,BIH
AIRA_7,,MCO
AIRA_7,,TKM
AIRA_8,YES,ALB
AIRA_8,UD,AND
AIRA_8,NO,ARM
AIRA_8,NO,AUT
AIRA_8,NO,AZE
AIRA_8,NO,BLR
AIRA_8,YES,BEL
AIRA_8,UD,BGR
AIRA_8,UD,HRV
AIRA_8,UD,CYP
AIRA_8,UD,CZE
AIRA_8,NO,DNK
AIRA_8,UD,EST
AIRA_8,NO,FIN
AIRA_8,NO,FRA
AIRA_8,DNK,GEO
AIRA_8,NO,DEU
AIRA_8,DNK,GRC
AIRA_8,NO,HUN
AIRA_8,NO,ISL
AIRA_8,NO,IRL
AIRA_8,UD,ISR
AIRA_8,UD,ITA
AIRA_8,UD,KAZ
AIRA_8,DNK,KGZ
AIRA_8,UD,LVA
AIRA_8,NO,LTU
AIRA_8,UD,LUX
AIRA_8,NO,MLT
AIRA_8,UD,MNE
AIRA_8,UD,NLD
AIRA_8,NO,MKD
AIRA_8,YES,NOR
AIRA_8,UD,POL
AIRA_8,NO,PRT
AIRA_8,NO,MDA
AIRA_8,NO,ROU
AIRA_8,YES,RUS
AIRA_8,NO,SMR
AIRA_8,NO,SRB
AIRA_8,NO,SVK
AIRA_8,NO,SVN
AIRA_8,UD,ESP
AIRA_8,NO,SWE
AIRA_8,DNK,CHE
AIRA_8,UD,TUR
AIRA_8,UD,TJK
AIRA_8,NO,UKR
AIRA_8,NO,GBR
AIRA_8,UD,UZB
AIRA_8,,BIH
AIRA_8,,MCO
AIRA_8,,TKM
AIRA_9,YES,ALB
AIRA_9,NO,AND
AIRA_9,YES,ARM
AIRA_9,YES,AUT
AIRA_9,NO,AZE
AIRA_9,NO,BLR
AIRA_9,NO,BEL
AIRA_9,NO,BGR
AIRA_9,YES,HRV
AIRA_9,YES,CYP
AIRA_9,NO,CZE
AIRA_9,NO,DNK
AIRA_9,NO,EST
AIRA_9,YES,FIN
AIRA_9,YES,FRA
AIRA_9,YES,GEO
AIRA_9,NO,DEU
AIRA_9,YES,GRC
AIRA_9,YES,HUN
AIRA_9,NO,ISL
AIRA_9,NO,IRL
AIRA_9,YES,ISR
AIRA_9,NO,ITA
AIRA_9,YES,KAZ
AIRA_9,NO,KGZ
AIRA_9,NO,LVA
AIRA_9,NO,LTU
AIRA_9,YES,LUX
AIRA_9,YES,MLT
AIRA_9,YES,MNE
AIRA_9,YES,NLD
AIRA_9,NO,MKD
AIRA_9,YES,NOR
AIRA_9,YES,POL
AIRA_9,NO,PRT
AIRA_9,YES,MDA
AIRA_9,NO,ROU
AIRA_9,YES,RUS
AIRA_9,NO,SMR
AIRA_9,NO,SRB
AIRA_9,YES,SVK
AIRA_9,NO,SVN
AIRA_9,NO,ESP
AIRA_9,NO,SWE
AIRA_9,NO,CHE
AIRA_9,NO,TUR
AIRA_9,YES,TJK
AIRA_9,NO,UKR
AIRA_9,YES,GBR
AIRA_9,NO,UZB
AIRA_9,,BIH
AIRA_9,,MCO
AIRA_9,,TKM
AIRA_10,YES,ALB
AIRA_10,NO,AND
AIRA_10,NO,ARM
AIRA_10,NO,AUT
AIRA_10,YES,AZE
AIRA_10,NO,BLR
AIRA_10,YES,BEL
AIRA_10,NO,BGR
AIRA_10,NO,HRV
AIRA_10,NO,CYP
AIRA_10,NO,CZE
AIRA_10,NO,DNK
AIRA_10,NO,EST
AIRA_10,NO,FIN
AIRA_10,NO,FRA
AIRA_10,NO,GEO
AIRA_10,NO,DEU
AIRA_10,NO,GRC
AIRA_10,NO,HUN
AIRA_10,NO,ISL
AIRA_10,NO,IRL
AIRA_10,NO,ISR
AIRA_10,YES,ITA
AIRA_10,NO,KAZ
AIRA_10,NO,KGZ
AIRA_10,NO,LVA
AIRA_10,NO,LTU
AIRA_10,NO,LUX
AIRA_10,NO,MLT
AIRA_10,NO,MNE
AIRA_10,NO,NLD
AIRA_10,NO,MKD
AIRA_10,YES,NOR
AIRA_10,NO,POL
AIRA_10,NO,PRT
AIRA_10,YES,MDA
AIRA_10,NO,ROU
AIRA_10,YES,RUS
AIRA_10,NO,SMR
AIRA_10,YES,SRB
AIRA_10,NO,SVK
AIRA_10,NO,SVN
AIRA_10,NO,ESP
AIRA_10,NO,SWE
AIRA_10,NO,CHE
AIRA_10,YES,TUR
AIRA_10,YES,TJK
AIRA_10,NO,UKR
AIRA_10,YES,GBR
AIRA_10,NO,UZB
AIRA_10,,BIH
AIRA_10,,MCO
AIRA_10,,TKM
AIRA_11,YES,ALB
AIRA_11,NO,AND
AIRA_11,YES,ARM
AIRA_11,YES,AUT
AIRA_11,NO,AZE
AIRA_11,NO,BLR
AIRA_11,NO,BEL
AIRA_11,NO,BGR
AIRA_11,NO,HRV
AIRA_11,NO,CYP
AIRA_11,YES,CZE
AIRA_11,NO,DNK
AIRA_11,YES,EST
AIRA_11,YES,FIN
AIRA_11,YES,FRA
AIRA_11,NO,GEO
AIRA_11,NO,DEU
AIRA_11,NO,GRC
AIRA_11,NO,HUN
AIRA_11,YES,ISL
AIRA_11,YES,IRL
AIRA_11,NO,ISR
AIRA_11,NO,ITA
AIRA_11,NO,KAZ
AIRA_11,NO,KGZ
AIRA_11,NO,LVA
AIRA_11,YES,LTU
AIRA_11,NO,LUX
AIRA_11,NO,MLT
AIRA_11,NO,MNE
AIRA_11,YES,NLD
AIRA_11,YES,MKD
AIRA_11,YES,NOR
AIRA_11,NO,POL
AIRA_11,NO,PRT
AIRA_11,YES,MDA
AIRA_11,YES,ROU
AIRA_11,NO,RUS
AIRA_11,YES,SMR
AIRA_11,NO,SRB
AIRA_11,NO,SVK
AIRA_11,NO,SVN
AIRA_11,NO,ESP
AIRA_11,YES,SWE
AIRA_11,NO,CHE
AIRA_11,NO,TUR
AIRA_11,NO,TJK
AIRA_11,NO,UKR
AIRA_11,NO,GBR
AIRA_11,NO,UZB
AIRA_11,,BIH
AIRA_11,,MCO
AIRA_11,,TKM
AIRA_12,YES,ALB
AIRA_12,NO,AND
AIRA_12,NO,ARM
AIRA_12,NO,AUT
AIRA_12,YES,AZE
AIRA_12,NO,BLR
AIRA_12,NO,BEL
AIRA_12,NO,BGR
AIRA_12,NO,HRV
AIRA_12,NO,CYP
AIRA_12,NO,CZE
AIRA_12,NO,DNK
AIRA_12,YES,EST
AIRA_12,NO,FIN
AIRA_12,NO,FRA
AIRA_12,YES,GEO
AIRA_12,NO,DEU
AIRA_12,NO,GRC
AIRA_12,NO,HUN
AIRA_12,NO,ISL
AIRA_12,NO,IRL
AIRA_12,NO,ISR
AIRA_12,YES,ITA
AIRA_12,YES,KAZ
AIRA_12,NO,KGZ
AIRA_12,YES,LVA
AIRA_12,YES,LTU
AIRA_12,NO,LUX
AIRA_12,NO,MLT
AIRA_12,NO,MNE
AIRA_12,YES,NLD
AIRA_12,YES,MKD
AIRA_12,NO,NOR
AIRA_12,NO,POL
AIRA_12,YES,PRT
AIRA_12,NO,MDA
AIRA_12,YES,ROU
AIRA_12,YES,RUS
AIRA_12,NO,SMR
AIRA_12,YES,SRB
AIRA_12,NO,SVK
AIRA_12,NO,SVN
AIRA_12,YES,ESP
AIRA_12,NO,SWE
AIRA_12,NO,CHE
AIRA_12,YES,TUR
AIRA_12,NO,TJK
AIRA_12,NO,UKR
AIRA_12,NO,GBR
AIRA_12,YES,UZB
AIRA_12,,BIH
AIRA_12,,MCO
AIRA_12,,TKM
AIRA_13,NO,ALB
AIRA_13,NO,AND
AIRA_13,NO,ARM
AIRA_13,NO,AUT
AIRA_13,YES,AZE
AIRA_13,NO,BLR
AIRA_13,NO,BEL
AIRA_13,NO,BGR
AIRA_13,YES,HRV
AIRA_13,NO,CYP
AIRA_13,NO,CZE
AIRA_13,NO,DNK
AIRA_13,NO,EST
AIRA_13,NO,FIN
AIRA_13,NO,FRA
AIRA_13,NO,GEO
AIRA_13,NO,DEU
AIRA_13,NO,GRC
AIRA_13,NO,HUN
AIRA_13,NO,ISL
AIRA_13,NO,IRL
AIRA_13,NO,ISR
AIRA_13,NO,ITA
AIRA_13,NO,KAZ
AIRA_13,NO,KGZ
AIRA_13,NO,LVA
AIRA_13,NO,LTU
AIRA_13,NO,LUX
AIRA_13,NO,MLT
AIRA_13,NO,MNE
AIRA_13,YES,NLD
AIRA_13,YES,MKD
AIRA_13,YES,NOR
AIRA_13,NO,POL
AIRA_13,NO,PRT
AIRA_13,NO,MDA
AIRA_13,NO,ROU
AIRA_13,YES,RUS
AIRA_13,NO,SMR
AIRA_13,NO,SRB
AIRA_13,NO,SVK
AIRA_13,NO,SVN
AIRA_13,YES,ESP
AIRA_13,YES,SWE
AIRA_13,NO,CHE
AIRA_13,NO,TUR
AIRA_13,YES,TJK
AIRA_13,YES,UKR
AIRA_13,NO,GBR
AIRA_13,NO,UZB
AIRA_13,,BIH
AIRA_13,,MCO
AIRA_13,,TKM
AIRA_14,NO,ALB
AIRA_14,YES,AND
AIRA_14,NO,ARM
AIRA_14,NO,AUT
AIRA_14,YES,AZE
AIRA_14,NO,BLR
AIRA_14,NO,BEL
AIRA_14,NO,BGR
AIRA_14,NO,HRV
AIRA_14,YES,CYP
AIRA_14,YES,CZE
AIRA_14,YES,DNK
AIRA_14,YES,EST
AIRA_14,NO,FIN
AIRA_14,YES,FRA
AIRA_14,YES,GEO
AIRA_14,NO,DEU
AIRA_14,NO,GRC
AIRA_14,NO,HUN
AIRA_14,NO,ISL
AIRA_14,NO,IRL
AIRA_14,YES,ISR
AIRA_14,YES,ITA
AIRA_14,NO,KAZ
AIRA_14,NO,KGZ
AIRA_14,NO,LVA
AIRA_14,NO,LTU
AIRA_14,NO,LUX
AIRA_14,YES,MLT
AIRA_14,NO,MNE
AIRA_14,YES,NLD
AIRA_14,NO,MKD
AIRA_14,YES,NOR
AIRA_14,NO,POL
AIRA_14,NO,PRT
AIRA_14,NO,MDA
AIRA_14,NO,ROU
AIRA_14,YES,RUS
AIRA_14,NO,SMR
AIRA_14,NO,SRB
AIRA_14,NO,SVK
AIRA_14,YES,SVN
AIRA_14,NO,ESP
AIRA_14,YES,SWE
AIRA_14,NO,CHE
AIRA_14,YES,TUR
AIRA_14,NO,TJK
AIRA_14,YES,UKR
AIRA_14,NO,GBR
AIRA_14,NO,UZB
AIRA_14,,BIH
AIRA_14,,MCO
AIRA_14,,TKM
AIRA_15,NO,ALB
AIRA_15,YES,AND
AIRA_15,NO,ARM
AIRA_15,NO,AUT
AIRA_15,NO,AZE
AIRA_15,NO,BLR
AIRA_15,NO,BEL
AIRA_15,NO,BGR
AIRA_15,NO,HRV
AIRA_15,NO,CYP
AIRA_15,NO,CZE
AIRA_15,NO,DNK
AIRA_15,YES,EST
AIRA_15,NO,FIN
AIRA_15,NO,FRA
AIRA_15,NO,GEO
AIRA_15,NO,DEU
AIRA_15,YES,GRC
AIRA_15,NO,HUN
AIRA_15,NO,ISL
AIRA_15,NO,IRL
AIRA_15,YES,ISR
AIRA_15,NO,ITA
AIRA_15,YES,KAZ
AIRA_15,NO,KGZ
AIRA_15,NO,LVA
AIRA_15,NO,LTU
AIRA_15,NO,LUX
AIRA_15,YES,MLT
AIRA_15,NO,MNE
AIRA_15,YES,NLD
AIRA_15,NO,MKD
AIRA_15,YES,NOR
AIRA_15,NO,POL
AIRA_15,NO,PRT
AIRA_15,YES,MDA
AIRA_15,NO,ROU
AIRA_15,YES,RUS
AIRA_15,NO,SMR
AIRA_15,NO,SRB
AIRA_15,NO,SVK
AIRA_15,YES,SVN
AIRA_15,NO,ESP
AIRA_15,NO,SWE
AIRA_15,NO,CHE
AIRA_15,NO,TUR
AIRA_15,NO,TJK
AIRA_15,NO,UKR
AIRA_15,NO,GBR
AIRA_15,NO,UZB
AIRA_15,,BIH
AIRA_15,,MCO
AIRA_15,,TKM
AIRA_16,YES,ALB
AIRA_16,YES,AND
AIRA_16,DNK,ARM
AIRA_16,YES,AUT
AIRA_16,NO,AZE
AIRA_16,NO,BLR
AIRA_16,YES,BEL
AIRA_16,DNK,BGR
AIRA_16,DNK,HRV
AIRA_16,NO,CYP
AIRA_16,YES,CZE
AIRA_16,NO,DNK
AIRA_16,YES,EST
AIRA_16,NO,FIN
AIRA_16,YES,FRA
AIRA_16,DNK,GEO
AIRA_16,YES,DEU
AIRA_16,DNK,GRC
AIRA_16,NO,HUN
AIRA_16,NO,ISL
AIRA_16,NO,IRL
AIRA_16,YES,ISR
AIRA_16,NO,ITA
AIRA_16,NO,KAZ
AIRA_16,NO,KGZ
AIRA_16,NO,LVA
AIRA_16,NO,LTU
AIRA_16,YES,LUX
AIRA_16,YES,MLT
AIRA_16,YES,MNE
AIRA_16,YES,NLD
AIRA_16,DNK,MKD
AIRA_16,YES,NOR
AIRA_16,NO,POL
AIRA_16,DNK,PRT
AIRA_16,NO,MDA
AIRA_16,YES,ROU
AIRA_16,YES,RUS
AIRA_16,NO,SMR
AIRA_16,DNK,SRB
AIRA_16,NO,SVK
AIRA_16,DNK,SVN
AIRA_16,YES,ESP
AIRA_16,YES,SWE
AIRA_16,DNK,CHE
AIRA_16,YES,TUR
AIRA_16,DNK,TJK
AIRA_16,YES,UKR
AIRA_16,NO,GBR
AIRA_16,NO,UZB
AIRA_16,,BIH
AIRA_16,,MCO
AIRA_16,,TKM
AIRA_17,YES,ALB
AIRA_17,YES,AND
AIRA_17,UD,ARM
AIRA_17,YES,AUT
AIRA_17,NO,AZE
AIRA_17,NO,BLR
AIRA_17,UD,BEL
AIRA_17,UD,BGR
AIRA_17,UD,HRV
AIRA_17,NO,CYP
AIRA_17,UD,CZE
AIRA_17,NO,DNK
AIRA_17,UD,EST
AIRA_17,YES,FIN
AIRA_17,YES,FRA
AIRA_17,DNK,GEO
AIRA_17,NO,DEU
AIRA_17,DNK,GRC
AIRA_17,NO,HUN
AIRA_17,NO,ISL
AIRA_17,YES,IRL
AIRA_17,YES,ISR
AIRA_17,YES,ITA
AIRA_17,UD,KAZ
AIRA_17,NO,KGZ
AIRA_17,NO,LVA
AIRA_17,NO,LTU
AIRA_17,NO,LUX
AIRA_17,YES,MLT
AIRA_17,UD,MNE
AIRA_17,UD,NLD
AIRA_17,NO,MKD
AIRA_17,YES,NOR
AIRA_17,YES,POL
AIRA_17,NO,PRT
AIRA_17,UD,MDA
AIRA_17,NO,ROU
AIRA_17,YES,RUS
AIRA_17,NO,SMR
AIRA_17,YES,SRB
AIRA_17,NO,SVK
AIRA_17,NO,SVN
AIRA_17,UD,ESP
AIRA_17,NO,SWE
AIRA_17,DNK,CHE
AIRA_17,UD,TUR
AIRA_17,UD,TJK
AIRA_17,DNK,UKR
AIRA_17,YES,GBR
AIRA_17,NO,UZB
AIRA_17,,BIH
AIRA_17,,MCO
AIRA_17,,TKM
AIRA_18,NO,ALB
AIRA_18,NO,AND
AIRA_18,NO,ARM
AIRA_18,NO,AUT
AIRA_18,NO,AZE
AIRA_18,NO,BLR
AIRA_18,NO,BEL
AIRA_18,NO,BGR
AIRA_18,NO,HRV
AIRA_18,NO,CYP
AIRA_18,NO,CZE
AIRA_18,NO,DNK
AIRA_18,NO,EST
AIRA_18,NO,FIN
AIRA_18,YES,FRA
AIRA_18,NO,GEO
AIRA_18,NO,DEU
AIRA_18,NO,GRC
AIRA_18,NO,HUN
AIRA_18,NO,ISL
AIRA_18,NO,IRL
AIRA_18,NO,ISR
AIRA_18,NO,ITA
AIRA_18,NO,KAZ
AIRA_18,NO,KGZ
AIRA_18,NO,LVA
AIRA_18,NO,LTU
AIRA_18,NO,LUX
AIRA_18,NO,MLT
AIRA_18,NO,MNE
AIRA_18,YES,NLD
AIRA_18,NO,MKD
AIRA_18,YES,NOR
AIRA_18,NO,POL
AIRA_18,NO,PRT
AIRA_18,NO,MDA
AIRA_18,NO,ROU
AIRA_18,NO,RUS
AIRA_18,NO,SMR
AIRA_18,NO,SRB
AIRA_18,NO,SVK
AIRA_18,NO,SVN
AIRA_18,YES,ESP
AIRA_18,YES,SWE
AIRA_18,NO,CHE
AIRA_18,NO,TUR
AIRA_18,NO,TJK
AIRA_18,NO,UKR
AIRA_18,YES,GBR
AIRA_18,YES,UZB
AIRA_18,,BIH
AIRA_18,,MCO
AIRA_18,,TKM
AIRA_19,YES,ALB
AIRA_19,NO,AND
AIRA_19,NO,ARM
AIRA_19,NO,AUT
AIRA_19,NO,AZE
AIRA_19,NO,BLR
AIRA_19,YES,BEL
AIRA_19,NO,BGR
AIRA_19,NO,HRV
AIRA_19,NO,CYP
AIRA_19,NO,CZE
AIRA_19,NO,DNK
AIRA_19,NO,EST
AIRA_19,NO,FIN
AIRA_19,NO,FRA
AIRA_19,NO,GEO
AIRA_19,NO,DEU
AIRA_19,NO,GRC
AIRA_19,NO,HUN
AIRA_19,NO,ISL
AIRA_19,NO,IRL
AIRA_19,NO,ISR
AIRA_19,YES,ITA
AIRA_19,NO,KAZ
AIRA_19,NO,KGZ
AIRA_19,NO,LVA
AIRA_19,NO,LTU
AIRA_19,NO,LUX
AIRA_19,NO,MLT
AIRA_19,NO,MNE
AIRA_19,NO,NLD
AIRA_19,NO,MKD
AIRA_19,NO,NOR
AIRA_19,NO,POL
AIRA_19,NO,PRT
AIRA_19,NO,MDA
AIRA_19,NO,ROU
AIRA_19,YES,RUS
AIRA_19,NO,SMR
AIRA_19,NO,SRB
AIRA_19,NO,SVK
AIRA_19,NO,SVN
AIRA_19,YES,ESP
AIRA_19,NO,SWE
AIRA_19,NO,CHE
AIRA_19,NO,TUR
AIRA_19,NO,TJK
AIRA_19,NO,UKR
AIRA_19,NO,GBR
AIRA_19,NO,UZB
AIRA_19,,BIH
AIRA_19,,MCO
AIRA_19,,TKM
AIRA_20,YES,ALB
AIRA_20,NO,AND
AIRA_20,NO,ARM
AIRA_20,NO,AUT
AIRA_20,NO,AZE
AIRA_20,NO,BLR
AIRA_20,YES,BEL
AIRA_20,NO,BGR
AIRA_20,NO,HRV
AIRA_20,NO,CYP
AIRA_20,NO,CZE
AIRA_20,NO,DNK
AIRA_20,NO,EST
AIRA_20,NO,FIN
AIRA_20,NO,FRA
AIRA_20,NO,GEO
AIRA_20,NO,DEU
AIRA_20,YES,GRC
AIRA_20,NO,HUN
AIRA_20,NO,ISL
AIRA_20,NO,IRL
AIRA_20,NO,ISR
AIRA_20,YES,ITA
AIRA_20,NO,KAZ
AIRA_20,NO,KGZ
AIRA_20,NO,LVA
AIRA_20,NO,LTU
AIRA_20,NO,LUX
AIRA_20,NO,MLT
AIRA_20,NO,MNE
AIRA_20,YES,NLD
AIRA_20,NO,MKD
AIRA_20,YES,NOR
AIRA_20,NO,POL
AIRA_20,NO,PRT
AIRA_20,NO,MDA
AIRA_20,NO,ROU
AIRA_20,YES,RUS
AIRA_20,NO,SMR
AIRA_20,NO,SRB
AIRA_20,NO,SVK
AIRA_20,NO,SVN
AIRA_20,YES,ESP
AIRA_20,NO,SWE
AIRA_20,NO,CHE
AIRA_20,YES,TUR
AIRA_20,NO,TJK
AIRA_20,NO,UKR
AIRA_20,NO,GBR
AIRA_20,YES,UZB
AIRA_20,,BIH
AIRA_20,,MCO
AIRA_20,,TKM
AIRA_21,YES,ALB
AIRA_21,NO,AND
AIRA_21,NO,ARM
AIRA_21,NO,AUT
AIRA_21,NO,AZE
AIRA_21,NO,BLR
AIRA_21,NO,BEL
AIRA_21,NO,BGR
AIRA_21,NO,HRV
AIRA_21,NO,CYP
AIRA_21,NO,CZE
AIRA_21,NO,DNK
AIRA_21,NO,EST
AIRA_21,NO,FIN
AIRA_21,NO,FRA
AIRA_21,NO,GEO
AIRA_21,NO,DEU
AIRA_21,NO,GRC
AIRA_21,NO,HUN
AIRA_21,NO,ISL
AIRA_21,NO,IRL
AIRA_21,NO,ISR
AIRA_21,NO,ITA
AIRA_21,NO,KAZ
AIRA_21,NO,KGZ
AIRA_21,NO,LVA
AIRA_21,NO,LTU
AIRA_21,NO,LUX
AIRA_21,NO,MLT
AIRA_21,YES,MNE
AIRA_21,NO,NLD
AIRA_21,NO,MKD
AIRA_21,NO,NOR
AIRA_21,NO,POL
AIRA_21,NO,PRT
AIRA_21,NO,MDA
AIRA_21,NO,ROU
AIRA_21,YES,RUS
AIRA_21,NO,SMR
AIRA_21,YES,SRB
AIRA_21,NO,SVK
AIRA_21,NO,SVN
AIRA_21,YES,ESP
AIRA_21,NO,SWE
AIRA_21,NO,CHE
AIRA_21,NO,TUR
AIRA_21,NO,TJK
AIRA_21,NO,UKR
AIRA_21,NO,GBR
AIRA_21,NO,UZB
AIRA_21,,BIH
AIRA_21,,MCO
AIRA_21,,TKM
AIRA_22,NO,ALB
AIRA_22,NO,AND
AIRA_22,NO,ARM
AIRA_22,NO,AUT
AIRA_22,NO,AZE
AIRA_22,NO,BLR
AIRA_22,NO,BEL
AIRA_22,NO,BGR
AIRA_22,NO,HRV
AIRA_22,NO,CYP
AIRA_22,NO,CZE
AIRA_22,NO,DNK
AIRA_22,NO,EST
AIRA_22,NO,FIN
AIRA_22,NO,FRA
AIRA_22,NO,GEO
AIRA_22,NO,DEU
AIRA_22,NO,GRC
AIRA_22,NO,HUN
AIRA_22,NO,ISL
AIRA_22,NO,IRL
AIRA_22,NO,ISR
AIRA_22,NO,ITA
AIRA_22,NO,KAZ
AIRA_22,NO,KGZ
AIRA_22,NO,LVA
AIRA_22,NO,LTU
AIRA_22,NO,LUX
AIRA_22,NO,MLT
AIRA_22,NO,MNE
AIRA_22,NO,NLD
AIRA_22,NO,MKD
AIRA_22,NO,NOR
AIRA_22,NO,POL
AIRA_22,NO,PRT
AIRA_22,NO,MDA
AIRA_22,NO,ROU
AIRA_22,YES,RUS
AIRA_22,NO,SMR
AIRA_22,NO,SRB
AIRA_22,NO,SVK
AIRA_22,NO,SVN
AIRA_22,YES,ESP
AIRA_22,YES,SWE
AIRA_22,NO,CHE
AIRA_22,NO,TUR
AIRA_22,NO,TJK
AIRA_22,NO,UKR
AIRA_22,NO,GBR
AIRA_22,NO,UZB
AIRA_22,,BIH
AIRA_22,,MCO
AIRA_22,,TKM
AIRA_23,NO,ALB
AIRA_23,NO,AND
AIRA_23,NO,ARM
AIRA_23,NO,AUT
AIRA_23,NO,AZE
AIRA_23,NO,BLR
AIRA_23,NO,BEL
AIRA_23,NO,BGR
AIRA_23,NO,HRV
AIRA_23,NO,CYP
AIRA_23,NO,CZE
AIRA_23,NO,DNK
AIRA_23,NO,EST
AIRA_23,NO,FIN
AIRA_23,NO,FRA
AIRA_23,NO,GEO
AIRA_23,NO,DEU
AIRA_23,NO,GRC
AIRA_23,NO,HUN
AIRA_23,NO,ISL
AIRA_23,NO,IRL
AIRA_23,NO,ISR
AIRA_23,NO,ITA
AIRA_23,NO,KAZ
AIRA_23,NO,KGZ
AIRA_23,NO,LVA
AIRA_23,NO,LTU
AIRA_23,NO,LUX
AIRA_23,NO,MLT
AIRA_23,NO,MNE
AIRA_23,NO,NLD
AIRA_23,NO,MKD
AIRA_23,NO,NOR
AIRA_23,NO,POL
AIRA_23,NO,PRT
AIRA_23,NO,MDA
AIRA_23,NO,ROU
AIRA_23,YES,RUS
AIRA_23,NO,SMR
AIRA_23,NO,SRB
AIRA_23,NO,SVK
AIRA_23,NO,SVN
AIRA_23,NO,ESP
AIRA_23,NO,SWE
AIRA_23,NO,CHE
AIRA_23,NO,TUR
AIRA_23,NO,TJK
AIRA_23,NO,UKR
AIRA_23,NO,GBR
AIRA_23,NO,UZB
AIRA_23,,BIH
AIRA_23,,MCO
AIRA_23,,TKM
AIRA_24,NO,ALB
AIRA_24,NO,AND
AIRA_24,NO,ARM
AIRA_24,NO,AUT
AIRA_24,NO,AZE
AIRA_24,NO,BLR
AIRA_24,YES,BEL
AIRA_24,NO,BGR
AIRA_24,NO,HRV
AIRA_24,NO,CYP
AIRA_24,NO,CZE
AIRA_24,NO,DNK
AIRA_24,NO,EST
AIRA_24,NO,FIN
AIRA_24,NO,FRA
AIRA_24,NO,GEO
AIRA_24,NO,DEU
AIRA_24,NO,GRC
AIRA_24,NO,HUN
AIRA_24,NO,ISL
AIRA_24,NO,IRL
AIRA_24,NO,ISR
AIRA_24,NO,ITA
AIRA_24,NO,KAZ
AIRA_24,NO,KGZ
AIRA_24,NO,LVA
AIRA_24,NO,LTU
AIRA_24,NO,LUX
AIRA_24,NO,MLT
AIRA_24,NO,MNE
AIRA_24,NO,NLD
AIRA_24,NO,MKD
AIRA_24,NO,NOR
AIRA_24,NO,POL
AIRA_24,NO,PRT
AIRA_24,NO,MDA
AIRA_24,NO,ROU
AIRA_24,YES,RUS
AIRA_24,NO,SMR
AIRA_24,NO,SRB
AIRA_24,NO,SVK
AIRA_24,NO,SVN
AIRA_24,NO,ESP
AIRA_24,NO,SWE
AIRA_24,NO,CHE
AIRA_24,NO,TUR
AIRA_24,NO,TJK
AIRA_24,NO,UKR
AIRA_24,NO,GBR
AIRA_24,NO,UZB
AIRA_24,,BIH
AIRA_24,,MCO
AIRA_24,,TKM
AIRA_25,YES,ALB
AIRA_25,YES,AND
AIRA_25,NO,ARM
AIRA_25,NO,AUT
AIRA_25,NO,AZE
AIRA_25,NO,BLR
AIRA_25,YES,BEL
AIRA_25,NO,BGR
AIRA_25,YES,HRV
AIRA_25,YES,CYP
AIRA_25,YES,CZE
AIRA_25,NO,DNK
AIRA_25,YES,EST
AIRA_25,YES,FIN
AIRA_25,YES,FRA
AIRA_25,DNK,GEO
AIRA_25,YES,DEU
AIRA_25,DNK,GRC
AIRA_25,NO,HUN
AIRA_25,NO,ISL
AIRA_25,NO,IRL
AIRA_25,YES,ISR
AIRA_25,NO,ITA
AIRA_25,YES,KAZ
AIRA_25,DNK,KGZ
AIRA_25,YES,LVA
AIRA_25,NO,LTU
AIRA_25,YES,LUX
AIRA_25,YES,MLT
AIRA_25,YES,MNE
AIRA_25,YES,NLD
AIRA_25,YES,MKD
AIRA_25,DNK,NOR
AIRA_25,YES,POL
AIRA_25,NO,PRT
AIRA_25,YES,MDA
AIRA_25,NO,ROU
AIRA_25,YES,RUS
AIRA_25,NO,SMR
AIRA_25,NO,SRB
AIRA_25,NO,SVK
AIRA_25,DNK,SVN
AIRA_25,YES,ESP
AIRA_25,YES,SWE
AIRA_25,DNK,CHE
AIRA_25,YES,TUR
AIRA_25,YES,TJK
AIRA_25,NO,UKR
AIRA_25,YES,GBR
AIRA_25,YES,UZB
AIRA_25,,BIH
AIRA_25,,MCO
AIRA_25,,TKM
AIRA_26,DNK,ALB
AIRA_26,YES,AND
AIRA_26,YES,ARM
AIRA_26,NO,AUT
AIRA_26,DNK,AZE
AIRA_26,NO,BLR
AIRA_26,YES,BEL
AIRA_26,NO,BGR
AIRA_26,YES,HRV
AIRA_26,NO,CYP
AIRA_26,NO,CZE
AIRA_26,YES,DNK
AIRA_26,YES,EST
AIRA_26,YES,FIN
AIRA_26,YES,FRA
AIRA_26,DNK,GEO
AIRA_26,DNK,DEU
AIRA_26,DNK,GRC
AIRA_26,YES,HUN
AIRA_26,YES,ISL
AIRA_26,NO,IRL
AIRA_26,YES,ISR
AIRA_26,DNK,ITA
AIRA_26,YES,KAZ
AIRA_26,DNK,KGZ
AIRA_26,NO,LVA
AIRA_26,DNK,LTU
AIRA_26,NO,LUX
AIRA_26,YES,MLT
AIRA_26,NO,MNE
AIRA_26,YES,NLD
AIRA_26,DNK,MKD
AIRA_26,YES,NOR
AIRA_26,DNK,POL
AIRA_26,YES,PRT
AIRA_26,YES,MDA
AIRA_26,YES,ROU
AIRA_26,YES,RUS
AIRA_26,NO,SMR
AIRA_26,YES,SRB
AIRA_26,DNK,SVK
AIRA_26,DNK,SVN
AIRA_26,YES,ESP
AIRA_26,YES,SWE
AIRA_26,DNK,CHE
AIRA_26,YES,TUR
AIRA_26,YES,TJK
AIRA_26,DNK,UKR
AIRA_26,YES,GBR
AIRA_26,DNK,UZB
AIRA_26,,BIH
AIRA_26,,MCO
AIRA_26,,TKM
AIRA_27,YES,ALB
AIRA_27,YES,AND
AIRA_27,NO,ARM
AIRA_27,NO,AUT
AIRA_27,NO,AZE
AIRA_27,NO,BLR
AIRA_27,YES,BEL
AIRA_27,DNK,BGR
AIRA_27,NO,HRV
AIRA_27,YES,CYP
AIRA_27,NO,CZE
AIRA_27,NO,DNK
AIRA_27,NO,EST
AIRA_27,NO,FIN
AIRA_27,YES,FRA
AIRA_27,DNK,GEO
AIRA_27,YES,DEU
AIRA_27,NO,GRC
AIRA_27,NO,HUN
AIRA_27,NO,ISL
AIRA_27,NO,IRL
AIRA_27,YES,ISR
AIRA_27,YES,ITA
AIRA_27,NO,KAZ
AIRA_27,DNK,KGZ
AIRA_27,NO,LVA
AIRA_27,DNK,LTU
AIRA_27,DNK,LUX
AIRA_27,YES,MLT
AIRA_27,NO,MNE
AIRA_27,YES,NLD
AIRA_27,NO,MKD
AIRA_27,YES,NOR
AIRA_27,NO,POL
AIRA_27,NO,PRT
AIRA_27,NO,MDA
AIRA_27,DNK,ROU
AIRA_27,YES,RUS
AIRA_27,NO,SMR
AIRA_27,DNK,SRB
AIRA_27,NO,SVK
AIRA_27,NO,SVN
AIRA_27,YES,ESP
AIRA_27,YES,SWE
AIRA_27,DNK,CHE
AIRA_27,YES,TUR
AIRA_27,YES,TJK
AIRA_27,NO,UKR
AIRA_27,YES,GBR
AIRA_27,DNK,UZB
AIRA_27,,BIH
AIRA_27,,MCO
AIRA_27,,TKM
AIRA_28,YES,ALB
AIRA_28,YES,AND
AIRA_28,NO,ARM
AIRA_28,NO,AUT
AIRA_28,NO,AZE
AIRA_28,NO,BLR
AIRA_28,YES,BEL
AIRA_28,DNK,BGR
AIRA_28,YES,HRV
AIRA_28,NO,CYP
AIRA_28,NO,CZE
AIRA_28,YES,DNK
AIRA_28,YES,EST
AIRA_28,NO,FIN
AIRA_28,YES,FRA
AIRA_28,DNK,GEO
AIRA_28,YES,DEU
AIRA_28,DNK,GRC
AIRA_28,YES,HUN
AIRA_28,NO,ISL
AIRA_28,NO,IRL
AIRA_28,YES,ISR
AIRA_28,YES,ITA
AIRA_28,YES,KAZ
AIRA_28,DNK,KGZ
AIRA_28,NO,LVA
AIRA_28,YES,LTU
AIRA_28,DNK,LUX
AIRA_28,YES,MLT
AIRA_28,YES,MNE
AIRA_28,YES,NLD
AIRA_28,NO,MKD
AIRA_28,YES,NOR
AIRA_28,NO,POL
AIRA_28,NO,PRT
AIRA_28,NO,MDA
AIRA_28,DNK,ROU
AIRA_28,YES,RUS
AIRA_28,NO,SMR
AIRA_28,DNK,SRB
AIRA_28,NO,SVK
AIRA_28,NO,SVN
AIRA_28,YES,ESP
AIRA_28,YES,SWE
AIRA_28,DNK,CHE
AIRA_28,YES,TUR
AIRA_28,YES,TJK
AIRA_28,NO,UKR
AIRA_28,YES,GBR
AIRA_28,NO,UZB
AIRA_28,,BIH
AIRA_28,,MCO
AIRA_28,,TKM
AIRA_29,YES,ALB
AIRA_29,YES,AND
AIRA_29,NO,ARM
AIRA_29,NO,AUT
AIRA_29,NO,AZE
AIRA_29,NO,BLR
AIRA_29,YES,BEL
AIRA_29,DNK,BGR
AIRA_29,NO,HRV
AIRA_29,NO,CYP
AIRA_29,NO,CZE
AIRA_29,NO,DNK
AIRA_29,YES,EST
AIRA_29,NO,FIN
AIRA_29,YES,FRA
AIRA_29,DNK,GEO
AIRA_29,YES,DEU
AIRA_29,DNK,GRC
AIRA_29,NO,HUN
AIRA_29,NO,ISL
AIRA_29,NO,IRL
AIRA_29,YES,ISR
AIRA_29,NO,ITA
AIRA_29,NO,KAZ
AIRA_29,DNK,KGZ
AIRA_29,NO,LVA
AIRA_29,DNK,LTU
AIRA_29,DNK,LUX
AIRA_29,NO,MLT
AIRA_29,NO,MNE
AIRA_29,YES,NLD
AIRA_29,NO,MKD
AIRA_29,YES,NOR
AIRA_29,NO,POL
AIRA_29,NO,PRT
AIRA_29,NO,MDA
AIRA_29,DNK,ROU
AIRA_29,YES,RUS
AIRA_29,NO,SMR
AIRA_29,DNK,SRB
AIRA_29,NO,SVK
AIRA_29,NO,SVN
AIRA_29,YES,ESP
AIRA_29,NO,SWE
AIRA_29,DNK,CHE
AIRA_29,YES,TUR
AIRA_29,NO,TJK
AIRA_29,NO,UKR
AIRA_29,YES,GBR
AIRA_29,NO,UZB
AIRA_29,,BIH
AIRA_29,,MCO
AIRA_29,,TKM
AIRA_30,YES,ALB
AIRA_30,YES,AND
AIRA_30,NO,ARM
AIRA_30,NO,AUT
AIRA_30,NO,AZE
AIRA_30,NO,BLR
AIRA_30,YES,BEL
AIRA_30,DNK,BGR
AIRA_30,NO,HRV
AIRA_30,DNK,CYP
AIRA_30,NO,CZE
AIRA_30,NO,DNK
AIRA_30,NO,EST
AIRA_30,NO,FIN
AIRA_30,YES,FRA
AIRA_30,DNK,GEO
AIRA_30,YES,DEU
AIRA_30,DNK,GRC
AIRA_30,NO,HUN
AIRA_30,NO,ISL
AIRA_30,NO,IRL
AIRA_30,NO,ISR
AIRA_30,NO,ITA
AIRA_30,NO,KAZ
AIRA_30,DNK,KGZ
AIRA_30,NO,LVA
AIRA_30,DNK,LTU
AIRA_30,DNK,LUX
AIRA_30,YES,MLT
AIRA_30,NO,MNE
AIRA_30,YES,NLD
AIRA_30,DNK,MKD
AIRA_30,YES,NOR
AIRA_30,NO,POL
AIRA_30,NO,PRT
AIRA_30,NO,MDA
AIRA_30,DNK,ROU
AIRA_30,YES,RUS
AIRA_30,NO,SMR
AIRA_30,DNK,SRB
AIRA_30,NO,SVK
AIRA_30,DNK,SVN
AIRA_30,YES,ESP
AIRA_30,YES,SWE
AIRA_30,DNK,CHE
AIRA_30,YES,TUR
AIRA_30,YES,TJK
AIRA_30,NO,UKR
AIRA_30,YES,GBR
AIRA_30,NO,UZB
AIRA_30,,BIH
AIRA_30,,MCO
AIRA_30,,TKM
AIRA_31,YES,ALB
AIRA_31,YES,AND
AIRA_31,NO,ARM
AIRA_31,NO,AUT
AIRA_31,NO,AZE
AIRA_31,NO,BLR
AIRA_31,YES,BEL
AIRA_31,DNK,BGR
AIRA_31,NO,HRV
AIRA_31,DNK,CYP
AIRA_31,NO,CZE
AIRA_31,NO,DNK
AIRA_31,NO,EST
AIRA_31,NO,FIN
AIRA_31,YES,FRA
AIRA_31,DNK,GEO
AIRA_31,YES,DEU
AIRA_31,DNK,GRC
AIRA_31,NO,HUN
AIRA_31,NO,ISL
AIRA_31,NO,IRL
AIRA_31,YES,ISR
AIRA_31,NO,ITA
AIRA_31,NO,KAZ
AIRA_31,DNK,KGZ
AIRA_31,NO,LVA
AIRA_31,DNK,LTU
AIRA_31,DNK,LUX
AIRA_31,NO,MLT
AIRA_31,NO,MNE
AIRA_31,YES,NLD
AIRA_31,DNK,MKD
AIRA_31,YES,NOR
AIRA_31,NO,POL
AIRA_31,NO,PRT
AIRA_31,NO,MDA
AIRA_31,DNK,ROU
AIRA_31,YES,RUS
AIRA_31,NO,SMR
AIRA_31,DNK,SRB
AIRA_31,NO,SVK
AIRA_31,NO,SVN
AIRA_31,YES,ESP
AIRA_31,YES,SWE
AIRA_31,DNK,CHE
AIRA_31,NO,TUR
AIRA_31,DNK,TJK
AIRA_31,NO,UKR
AIRA_31,YES,GBR
AIRA_31,NO,UZB
AIRA_31,,BIH
AIRA_31,,MCO
AIRA_31,,TKM
AIRA_32,NO,ALB
AIRA_32,NO,AND
AIRA_32,NO,ARM
AIRA_32,NO,AUT
AIRA_32,NO,AZE
AIRA_32,NO,BLR
AIRA_32,YES,BEL
AIRA_32,NO,BGR
AIRA_32,NO,HRV
AIRA_32,NO,CYP
AIRA_32,NO,CZE
AIRA_32,NO,DNK
AIRA_32,YES,EST
AIRA_32,NO,FIN
AIRA_32,YES,FRA
AIRA_32,NO,GEO
AIRA_32,NO,DEU
AIRA_32,NO,GRC
AIRA_32,NO,HUN
AIRA_32,NO,ISL
AIRA_32,NO,IRL
AIRA_32,NO,ISR
AIRA_32,NO,ITA
AIRA_32,NO,KAZ
AIRA_32,NO,KGZ
AIRA_32,NO,LVA
AIRA_32,NO,LTU
AIRA_32,NO,LUX
AIRA_32,NO,MLT
AIRA_32,NO,MNE
AIRA_32,YES,NLD
AIRA_32,NO,MKD
AIRA_32,YES,NOR
AIRA_32,YES,POL
AIRA_32,YES,PRT
AIRA_32,NO,MDA
AIRA_32,NO,ROU
AIRA_32,YES,RUS
AIRA_32,NO,SMR
AIRA_32,NO,SRB
AIRA_32,NO,SVK
AIRA_32,NO,SVN
AIRA_32,YES,ESP
AIRA_32,YES,SWE
AIRA_32,NO,CHE
AIRA_32,YES,TUR
AIRA_32,NO,TJK
AIRA_32,NO,UKR
AIRA_32,YES,GBR
AIRA_32,YES,UZB
AIRA_32,,BIH
AIRA_32,,MCO
AIRA_32,,TKM
AIRA_33,NO,ALB
AIRA_33,NO,AND
AIRA_33,NO,ARM
AIRA_33,NO,AUT
AIRA_33,NO,AZE
AIRA_33,NO,BLR
AIRA_33,NO,BEL
AIRA_33,NO,BGR
AIRA_33,NO,HRV
AIRA_33,NO,CYP
AIRA_33,NO,CZE
AIRA_33,YES,DNK
AIRA_33,YES,EST
AIRA_33,NO,FIN
AIRA_33,YES,FRA
AIRA_33,NO,GEO
AIRA_33,NO,DEU
AIRA_33,NO,GRC
AIRA_33,NO,HUN
AIRA_33,NO,ISL
AIRA_33,NO,IRL
AIRA_33,NO,ISR
AIRA_33,NO,ITA
AIRA_33,NO,KAZ
AIRA_33,NO,KGZ
AIRA_33,NO,LVA
AIRA_33,NO,LTU
AIRA_33,NO,LUX
AIRA_33,YES,MLT
AIRA_33,NO,MNE
AIRA_33,NO,NLD
AIRA_33,NO,MKD
AIRA_33,NO,NOR
AIRA_33,NO,POL
AIRA_33,NO,PRT
AIRA_33,NO,MDA
AIRA_33,NO,ROU
AIRA_33,YES,RUS
AIRA_33,NO,SMR
AIRA_33,NO,SRB
AIRA_33,NO,SVK
AIRA_33,NO,SVN
AIRA_33,YES,ESP
AIRA_33,NO,SWE
AIRA_33,NO,CHE
AIRA_33,YES,TUR
AIRA_33,NO,TJK
AIRA_33,NO,UKR
AIRA_33,YES,GBR
AIRA_33,NO,UZB
AIRA_33,,BIH
AIRA_33,,MCO
AIRA_33,,TKM
AIRA_34,NO,ALB
AIRA_34,NO,AND
AIRA_34,NO,ARM
AIRA_34,NO,AUT
AIRA_34,NO,AZE
AIRA_34,NO,BLR
AIRA_34,NO,BEL
AIRA_34,NO,BGR
AIRA_34,NO,HRV
AIRA_34,NO,CYP
AIRA_34,NO,CZE
AIRA_34,NO,DNK
AIRA_34,NO,EST
AIRA_34,NO,FIN
AIRA_34,NO,FRA
AIRA_34,NO,GEO
AIRA_34,NO,DEU
AIRA_34,NO,GRC
AIRA_34,YES,HUN
AIRA_34,NO,ISL
AIRA_34,NO,IRL
AIRA_34,NO,ISR
AIRA_34,NO,ITA
AIRA_34,NO,KAZ
AIRA_34,NO,KGZ
AIRA_34,NO,LVA
AIRA_34,NO,LTU
AIRA_34,NO,LUX
AIRA_34,NO,MLT
AIRA_34,NO,MNE
AIRA_34,NO,NLD
AIRA_34,NO,MKD
AIRA_34,NO,NOR
AIRA_34,NO,POL
AIRA_34,NO,PRT
AIRA_34,NO,MDA
AIRA_34,NO,ROU
AIRA_34,YES,RUS
AIRA_34,NO,SMR
AIRA_34,NO,SRB
AIRA_34,NO,SVK
AIRA_34,NO,SVN
AIRA_34,YES,ESP
AIRA_34,NO,SWE
AIRA_34,NO,CHE
AIRA_34,YES,TUR
AIRA_34,NO,TJK
AIRA_34,NO,UKR
AIRA_34,YES,GBR
AIRA_34,NO,UZB
AIRA_34,,BIH
AIRA_34,,MCO
AIRA_34,,TKM
AIRA_35,NO,ALB
AIRA_35,NO,AND
AIRA_35,NO,ARM
AIRA_35,NO,AUT
AIRA_35,NO,AZE
AIRA_35,NO,BLR
AIRA_35,YES,BEL
AIRA_35,NO,BGR
AIRA_35,NO,HRV
AIRA_35,NO,CYP
AIRA_35,NO,CZE
AIRA_35,NO,DNK
AIRA_35,NO,EST
AIRA_35,NO,FIN
AIRA_35,YES,FRA
AIRA_35,NO,GEO
AIRA_35,NO,DEU
AIRA_35,YES,GRC
AIRA_35,NO,HUN
AIRA_35,NO,ISL
AIRA_35,NO,IRL
AIRA_35,NO,ISR
AIRA_35,NO,ITA
AIRA_35,YES,KAZ
AIRA_35,NO,KGZ
AIRA_35,NO,LVA
AIRA_35,NO,LTU
AIRA_35,NO,LUX
AIRA_35,NO,MLT
AIRA_35,NO,MNE
AIRA_35,YES,NLD
AIRA_35,NO,MKD
AIRA_35,NO,NOR
AIRA_35,NO,POL
AIRA_35,NO,PRT
AIRA_35,NO,MDA
AIRA_35,NO,ROU
AIRA_35,YES,RUS
AIRA_35,NO,SMR
AIRA_35,NO,SRB
AIRA_35,NO,SVK
AIRA_35,NO,SVN
AIRA_35,YES,ESP
AIRA_35,YES,SWE
AIRA_35,NO,CHE
AIRA_35,NO,TUR
AIRA_35,NO,TJK
AIRA_35,NO,UKR
AIRA_35,YES,GBR
AIRA_35,YES,UZB
AIRA_35,,BIH
AIRA_35,,MCO
AIRA_35,,TKM
AIRA_36,DNK,ALB
AIRA_36,YES,AND
AIRA_36,DNK,ARM
AIRA_36,NO,AUT
AIRA_36,DNK,AZE
AIRA_36,NO,BLR
AIRA_36,DNK,BEL
AIRA_36,NO,BGR
AIRA_36,DNK,HRV
AIRA_36,DNK,CYP
AIRA_36,NO,CZE
AIRA_36,NO,DNK
AIRA_36,YES,EST
AIRA_36,NO,FIN
AIRA_36,YES,FRA
AIRA_36,DNK,GEO
AIRA_36,YES,DEU
AIRA_36,DNK,GRC
AIRA_36,YES,HUN
AIRA_36,DNK,ISL
AIRA_36,NO,IRL
AIRA_36,DNK,ISR
AIRA_36,NO,ITA
AIRA_36,NO,KAZ
AIRA_36,NO,KGZ
AIRA_36,DNK,LVA
AIRA_36,NO,LTU
AIRA_36,DNK,LUX
AIRA_36,YES,MLT
AIRA_36,NO,MNE
AIRA_36,DNK,NLD
AIRA_36,DNK,MKD
AIRA_36,YES,NOR
AIRA_36,NO,POL
AIRA_36,NO,PRT
AIRA_36,NO,MDA
AIRA_36,DNK,ROU
AIRA_36,DNK,RUS
AIRA_36,NO,SMR
AIRA_36,DNK,SRB
AIRA_36,DNK,SVK
AIRA_36,YES,SVN
AIRA_36,DNK,ESP
AIRA_36,NO,SWE
AIRA_36,DNK,CHE
AIRA_36,YES,TUR
AIRA_36,YES,TJK
AIRA_36,NO,UKR
AIRA_36,DNK,GBR
AIRA_36,DNK,UZB
AIRA_36,,BIH
AIRA_36,,MCO
AIRA_36,,TKM
AIRA_37,NO,ALB
AIRA_37,YES,AND
AIRA_37,YES,ARM
AIRA_37,NO,AUT
AIRA_37,YES,AZE
AIRA_37,NO,BLR
AIRA_37,YES,BEL
AIRA_37,YES,BGR
AIRA_37,YES,HRV
AIRA_37,YES,CYP
AIRA_37,YES,CZE
AIRA_37,YES,DNK
AIRA_37,YES,EST
AIRA_37,YES,FIN
AIRA_37,YES,FRA
AIRA_37,DNK,GEO
AIRA_37,NO,DEU
AIRA_37,DNK,GRC
AIRA_37,NO,HUN
AIRA_37,YES,ISL
AIRA_37,NO,IRL
AIRA_37,YES,ISR
AIRA_37,YES,ITA
AIRA_37,NO,KAZ
AIRA_37,YES,KGZ
AIRA_37,NO,LVA
AIRA_37,YES,LTU
AIRA_37,NO,LUX
AIRA_37,YES,MLT
AIRA_37,YES,MNE
AIRA_37,YES,NLD
AIRA_37,NO,MKD
AIRA_37,YES,NOR
AIRA_37,YES,POL
AIRA_37,YES,PRT
AIRA_37,YES,MDA
AIRA_37,NO,ROU
AIRA_37,YES,RUS
AIRA_37,NO,SMR
AIRA_37,YES,SRB
AIRA_37,NO,SVK
AIRA_37,YES,SVN
AIRA_37,YES,ESP
AIRA_37,YES,SWE
AIRA_37,YES,CHE
AIRA_37,NO,TUR
AIRA_37,YES,TJK
AIRA_37,YES,UKR
AIRA_37,YES,GBR
AIRA_37,NO,UZB
AIRA_37,,BIH
AIRA_37,,MCO
AIRA_37,,TKM
AIRA_38,YES,ALB
AIRA_38,YES,AND
AIRA_38,YES,ARM
AIRA_38,YES,AUT
AIRA_38,UD,AZE
AIRA_38,NO,BLR
AIRA_38,UD,BEL
AIRA_38,NO,BGR
AIRA_38,UD,HRV
AIRA_38,UD,CYP
AIRA_38,UD,CZE
AIRA_38,YES,DNK
AIRA_38,UD,EST
AIRA_38,YES,FIN
AIRA_38,UD,FRA
AIRA_38,DNK,GEO
AIRA_38,YES,DEU
AIRA_38,DNK,GRC
AIRA_38,YES,HUN
AIRA_38,YES,ISL
AIRA_38,NO,IRL
AIRA_38,YES,ISR
AIRA_38,UD,ITA
AIRA_38,YES,KAZ
AIRA_38,YES,KGZ
AIRA_38,YES,LVA
AIRA_38,YES,LTU
AIRA_38,UD,LUX
AIRA_38,NO,MLT
AIRA_38,NO,MNE
AIRA_38,UD,NLD
AIRA_38,NO,MKD
AIRA_38,YES,NOR
AIRA_38,YES,POL
AIRA_38,YES,PRT
AIRA_38,YES,MDA
AIRA_38,NO,ROU
AIRA_38,YES,RUS
AIRA_38,NO,SMR
AIRA_38,NO,SRB
AIRA_38,YES,SVK
AIRA_38,UD,SVN
AIRA_38,YES,ESP
AIRA_38,YES,SWE
AIRA_38,UD,CHE
AIRA_38,UD,TUR
AIRA_38,YES,TJK
AIRA_38,YES,UKR
AIRA_38,YES,GBR
AIRA_38,DNK,UZB
AIRA_38,,BIH
AIRA_38,,MCO
AIRA_38,,TKM
AIRA_39,YES,ALB
AIRA_39,YES,AND
AIRA_39,YES,ARM
AIRA_39,NO,AUT
AIRA_39,YES,AZE
AIRA_39,NO,BLR
AIRA_39,YES,BEL
AIRA_39,NO,BGR
AIRA_39,YES,HRV
AIRA_39,YES,CYP
AIRA_39,YES,CZE
AIRA_39,YES,DNK
AIRA_39,YES,EST
AIRA_39,YES,FIN
AIRA_39,YES,FRA
AIRA_39,DNK,GEO
AIRA_39,YES,DEU
AIRA_39,DNK,GRC
AIRA_39,NO,HUN
AIRA_39,YES,ISL
AIRA_39,NO,IRL
AIRA_39,YES,ISR
AIRA_39,YES,ITA
AIRA_39,YES,KAZ
AIRA_39,YES,KGZ
AIRA_39,YES,LVA
AIRA_39,YES,LTU
AIRA_39,NO,LUX
AIRA_39,NO,MLT
AIRA_39,NO,MNE
AIRA_39,DNK,NLD
AIRA_39,YES,MKD
AIRA_39,YES,NOR
AIRA_39,YES,POL
AIRA_39,NO,PRT
AIRA_39,NO,MDA
AIRA_39,NO,ROU
AIRA_39,YES,RUS
AIRA_39,YES,SMR
AIRA_39,YES,SRB
AIRA_39,YES,SVK
AIRA_39,YES,SVN
AIRA_39,YES,ESP
AIRA_39,YES,SWE
AIRA_39,NO,CHE
AIRA_39,YES,TUR
AIRA_39,YES,TJK
AIRA_39,YES,UKR
AIRA_39,NO,GBR
AIRA_39,YES,UZB
AIRA_39,,BIH
AIRA_39,,MCO
AIRA_39,,TKM
AIRA_40,YES,ALB
AIRA_40,YES,AND
AIRA_40,YES,ARM
AIRA_40,YES,AUT
AIRA_40,YES,AZE
AIRA_40,UD,BLR
AIRA_40,YES,BEL
AIRA_40,YES,BGR
AIRA_40,UD,HRV
AIRA_40,UD,CYP
AIRA_40,YES,CZE
AIRA_40,UD,DNK
AIRA_40,YES,EST
AIRA_40,YES,FIN
AIRA_40,YES,FRA
AIRA_40,YES,GEO
AIRA_40,UD,DEU
AIRA_40,DNK,GRC
AIRA_40,YES,HUN
AIRA_40,YES,ISL
AIRA_40,NO,IRL
AIRA_40,YES,ISR
AIRA_40,YES,ITA
AIRA_40,YES,KAZ
AIRA_40,YES,KGZ
AIRA_40,YES,LVA
AIRA_40,YES,LTU
AIRA_40,NO,LUX
AIRA_40,YES,MLT
AIRA_40,UD,MNE
AIRA_40,UD,NLD
AIRA_40,YES,MKD
AIRA_40,YES,NOR
AIRA_40,YES,POL
AIRA_40,YES,PRT
AIRA_40,UD,MDA
AIRA_40,NO,ROU
AIRA_40,YES,RUS
AIRA_40,YES,SMR
AIRA_40,NO,SRB
AIRA_40,YES,SVK
AIRA_40,YES,SVN
AIRA_40,YES,ESP
AIRA_40,UD,SWE
AIRA_40,NO,CHE
AIRA_40,UD,TUR
AIRA_40,YES,TJK
AIRA_40,YES,UKR
AIRA_40,YES,GBR
AIRA_40,UD,UZB
AIRA_40,,BIH
AIRA_40,,MCO
AIRA_40,,TKM
AIRA_41,YES,ALB
AIRA_41,YES,AND
AIRA_41,YES,ARM
AIRA_41,YES,AUT
AIRA_41,DNK,AZE
AIRA_41,NO,BLR
AIRA_41,YES,BEL
AIRA_41,YES,BGR
AIRA_41,NO,HRV
AIRA_41,YES,CYP
AIRA_41,NO,CZE
AIRA_41,YES,DNK
AIRA_41,NO,EST
AIRA_41,YES,FIN
AIRA_41,YES,FRA
AIRA_41,DNK,GEO
AIRA_41,NO,DEU
AIRA_41,DNK,GRC
AIRA_41,NO,HUN
AIRA_41,NO,ISL
AIRA_41,NO,IRL
AIRA_41,NO,ISR
AIRA_41,YES,ITA
AIRA_41,YES,KAZ
AIRA_41,YES,KGZ
AIRA_41,NO,LVA
AIRA_41,DNK,LTU
AIRA_41,NO,LUX
AIRA_41,DNK,MLT
AIRA_41,YES,MNE
AIRA_41,YES,NLD
AIRA_41,NO,MKD
AIRA_41,DNK,NOR
AIRA_41,NO,POL
AIRA_41,YES,PRT
AIRA_41,YES,MDA
AIRA_41,NO,ROU
AIRA_41,YES,RUS
AIRA_41,YES,SMR
AIRA_41,NO,SRB
AIRA_41,NO,SVK
AIRA_41,YES,SVN
AIRA_41,YES,ESP
AIRA_41,NO,SWE
AIRA_41,YES,CHE
AIRA_41,YES,TUR
AIRA_41,YES,TJK
AIRA_41,YES,UKR
AIRA_41,DNK,GBR
AIRA_41,YES,UZB
AIRA_41,,BIH
AIRA_41,,MCO
AIRA_41,,TKM
AIRA_42,DNK,ALB
AIRA_42,NO,AND
AIRA_42,NO,ARM
AIRA_42,NO,AUT
AIRA_42,NO,AZE
AIRA_42,NO,BLR
AIRA_42,DNK,BEL
AIRA_42,NO,BGR
AIRA_42,YES,HRV
AIRA_42,NO,CYP
AIRA_42,NO,CZE
AIRA_42,YES,DNK
AIRA_42,YES,EST
AIRA_42,YES,FIN
AIRA_42,YES,FRA
AIRA_42,DNK,GEO
AIRA_42,NO,DEU
AIRA_42,DNK,GRC
AIRA_42,NO,HUN
AIRA_42,YES,ISL
AIRA_42,NO,IRL
AIRA_42,YES,ISR
AIRA_42,NO,ITA
AIRA_42,NO,KAZ
AIRA_42,DNK,KGZ
AIRA_42,NO,LVA
AIRA_42,YES,LTU
AIRA_42,NO,LUX
AIRA_42,YES,MLT
AIRA_42,NO,MNE
AIRA_42,DNK,NLD
AIRA_42,NO,MKD
AIRA_42,YES,NOR
AIRA_42,NO,POL
AIRA_42,YES,PRT
AIRA_42,DNK,MDA
AIRA_42,YES,ROU
AIRA_42,DNK,RUS
AIRA_42,NO,SMR
AIRA_42,NO,SRB
AIRA_42,NO,SVK
AIRA_42,NO,SVN
AIRA_42,YES,ESP
AIRA_42,YES,SWE
AIRA_42,NO,CHE
AIRA_42,NO,TUR
AIRA_42,DNK,TJK
AIRA_42,NO,UKR
AIRA_42,YES,GBR
AIRA_42,DNK,UZB
AIRA_42,,BIH
AIRA_42,,MCO
AIRA_42,,TKM
AIRA_43,DNK,ALB
AIRA_43,YES,AND
AIRA_43,YES,ARM
AIRA_43,YES,AUT
AIRA_43,NO,AZE
AIRA_43,NO,BLR
AIRA_43,YES,BEL
AIRA_43,NO,BGR
AIRA_43,YES,HRV
AIRA_43,NO,CYP
AIRA_43,YES,CZE
AIRA_43,YES,DNK
AIRA_43,YES,EST
AIRA_43,YES,FIN
AIRA_43,YES,FRA
AIRA_43,DNK,GEO
AIRA_43,YES,DEU
AIRA_43,DNK,GRC
AIRA_43,YES,HUN
AIRA_43,YES,ISL
AIRA_43,NO,IRL
AIRA_43,YES,ISR
AIRA_43,NO,ITA
AIRA_43,YES,KAZ
AIRA_43,YES,KGZ
AIRA_43,YES,LVA
AIRA_43,DNK,LTU
AIRA_43,DNK,LUX
AIRA_43,YES,MLT
AIRA_43,YES,MNE
AIRA_43,YES,NLD
AIRA_43,DNK,MKD
AIRA_43,DNK,NOR
AIRA_43,YES,POL
AIRA_43,YES,PRT
AIRA_43,NO,MDA
AIRA_43,NO,ROU
AIRA_43,YES,RUS
AIRA_43,YES,SMR
AIRA_43,YES,SRB
AIRA_43,YES,SVK
AIRA_43,YES,SVN
AIRA_43,YES,ESP
AIRA_43,NO,SWE
AIRA_43,NO,CHE
AIRA_43,YES,TUR
AIRA_43,YES,TJK
AIRA_43,NO,UKR
AIRA_43,YES,GBR
AIRA_43,NO,UZB
AIRA_43,,BIH
AIRA_43,,MCO
AIRA_43,,TKM
AIRA_44,DNK,ALB
AIRA_44,YES,AND
AIRA_44,YES,ARM
AIRA_44,NO,AUT
AIRA_44,NO,AZE
AIRA_44,NO,BLR
AIRA_44,YES,BEL
AIRA_44,NO,BGR
AIRA_44,YES,HRV
AIRA_44,NO,CYP
AIRA_44,YES,CZE
AIRA_44,YES,DNK
AIRA_44,YES,EST
AIRA_44,NO,FIN
AIRA_44,NO,FRA
AIRA_44,DNK,GEO
AIRA_44,NO,DEU
AIRA_44,DNK,GRC
AIRA_44,YES,HUN
AIRA_44,YES,ISL
AIRA_44,NO,IRL
AIRA_44,YES,ISR
AIRA_44,NO,ITA
AIRA_44,YES,KAZ
AIRA_44,NO,KGZ
AIRA_44,YES,LVA
AIRA_44,YES,LTU
AIRA_44,NO,LUX
AIRA_44,YES,MLT
AIRA_44,NO,MNE
AIRA_44,NO,NLD
AIRA_44,NO,MKD
AIRA_44,YES,NOR
AIRA_44,NO,POL
AIRA_44,YES,PRT
AIRA_44,NO,MDA
AIRA_44,YES,ROU
AIRA_44,YES,RUS
AIRA_44,YES,SMR
AIRA_44,NO,SRB
AIRA_44,YES,SVK
AIRA_44,DNK,SVN
AIRA_44,YES,ESP
AIRA_44,YES,SWE
AIRA_44,NO,CHE
AIRA_44,YES,TUR
AIRA_44,YES,TJK
AIRA_44,YES,UKR
AIRA_44,DNK,GBR
AIRA_44,NO,UZB
AIRA_44,,BIH
AIRA_44,,MCO
AIRA_44,,TKM
AIRA_45,DNK,ALB
AIRA_45,NO,AND
AIRA_45,YES,ARM
AIRA_45,NO,AUT
AIRA_45,NO,AZE
AIRA_45,NO,BLR
AIRA_45,YES,BEL
AIRA_45,NO,BGR
AIRA_45,YES,HRV
AIRA_45,NO,CYP
AIRA_45,YES,CZE
AIRA_45,YES,DNK
AIRA_45,YES,EST
AIRA_45,YES,FIN
AIRA_45,YES,FRA
AIRA_45,DNK,GEO
AIRA_45,YES,DEU
AIRA_45,DNK,GRC
AIRA_45,YES,HUN
AIRA_45,YES,ISL
AIRA_45,NO,IRL
AIRA_45,YES,ISR
AIRA_45,NO,ITA
AIRA_45,NO,KAZ
AIRA_45,NO,KGZ
AIRA_45,NO,LVA
AIRA_45,DNK,LTU
AIRA_45,NO,LUX
AIRA_45,DNK,MLT
AIRA_45,YES,MNE
AIRA_45,YES,NLD
AIRA_45,YES,MKD
AIRA_45,DNK,NOR
AIRA_45,NO,POL
AIRA_45,YES,PRT
AIRA_45,NO,MDA
AIRA_45,NO,ROU
AIRA_45,NO,RUS
AIRA_45,NO,SMR
AIRA_45,NO,SRB
AIRA_45,NO,SVK
AIRA_45,DNK,SVN
AIRA_45,DNK,ESP
AIRA_45,YES,SWE
AIRA_45,NO,CHE
AIRA_45,YES,TUR
AIRA_45,NO,TJK
AIRA_45,YES,UKR
AIRA_45,YES,GBR
AIRA_45,NO,UZB
AIRA_45,,BIH
AIRA_45,,MCO
AIRA_45,,TKM
AIRA_46,DNK,ALB
AIRA_46,NO,AND
AIRA_46,YES,ARM
AIRA_46,NO,AUT
AIRA_46,DNK,AZE
AIRA_46,NO,BLR
AIRA_46,DNK,BEL
AIRA_46,NO,BGR
AIRA_46,YES,HRV
AIRA_46,YES,CYP
AIRA_46,YES,CZE
AIRA_46,YES,DNK
AIRA_46,YES,EST
AIRA_46,YES,FIN
AIRA_46,NO,FRA
AIRA_46,DNK,GEO
AIRA_46,YES,DEU
AIRA_46,DNK,GRC
AIRA_46,NO,HUN
AIRA_46,NO,ISL
AIRA_46,NO,IRL
AIRA_46,YES,ISR
AIRA_46,NO,ITA
AIRA_46,YES,KAZ
AIRA_46,YES,KGZ
AIRA_46,NO,LVA
AIRA_46,NO,LTU
AIRA_46,NO,LUX
AIRA_46,NO,MLT
AIRA_46,NO,MNE
AIRA_46,DNK,NLD
AIRA_46,NO,MKD
AIRA_46,YES,NOR
AIRA_46,NO,POL
AIRA_46,NO,PRT
AIRA_46,NO,MDA
AIRA_46,NO,ROU
AIRA_46,NO,RUS
AIRA_46,NO,SMR
AIRA_46,NO,SRB
AIRA_46,NO,SVK
AIRA_46,DNK,SVN
AIRA_46,YES,ESP
AIRA_46,YES,SWE
AIRA_46,NO,CHE
AIRA_46,YES,TUR
AIRA_46,NO,TJK
AIRA_46,NO,UKR
AIRA_46,DNK,GBR
AIRA_46,NO,UZB
AIRA_46,,BIH
AIRA_46,,MCO
AIRA_46,,TKM
AIRA_47,NO,ALB
AIRA_47,NO,AND
AIRA_47,DNK,ARM
AIRA_47,YES,AUT
AIRA_47,NO,AZE
AIRA_47,NO,BLR
AIRA_47,DNK,BEL
AIRA_47,NO,BGR
AIRA_47,YES,HRV
AIRA_47,DNK,CYP
AIRA_47,YES,CZE
AIRA_47,YES,DNK
AIRA_47,YES,EST
AIRA_47,YES,FIN
AIRA_47,YES,FRA
AIRA_47,YES,GEO
AIRA_47,DNK,DEU
AIRA_47,NO,GRC
AIRA_47,NO,HUN
AIRA_47,NO,ISL
AIRA_47,YES,IRL
AIRA_47,YES,ISR
AIRA_47,YES,ITA
AIRA_47,NO,KAZ
AIRA_47,NO,KGZ
AIRA_47,YES,LVA
AIRA_47,DNK,LTU
AIRA_47,YES,LUX
AIRA_47,YES,MLT
AIRA_47,NO,MNE
AIRA_47,YES,NLD
AIRA_47,NO,MKD
AIRA_47,YES,NOR
AIRA_47,YES,POL
AIRA_47,DNK,PRT
AIRA_47,NO,MDA
AIRA_47,DNK,ROU
AIRA_47,NO,RUS
AIRA_47,NO,SMR
AIRA_47,NO,SRB
AIRA_47,DNK,SVK
AIRA_47,NO,SVN
AIRA_47,YES,ESP
AIRA_47,YES,SWE
AIRA_47,DNK,CHE
AIRA_47,NO,TUR
AIRA_47,NO,TJK
AIRA_47,DNK,UKR
AIRA_47,YES,GBR
AIRA_47,NO,UZB
AIRA_47,,BIH
AIRA_47,,MCO
AIRA_47,,TKM
AIRA_48,NO,ALB
AIRA_48,NO,AND
AIRA_48,DNK,ARM
AIRA_48,YES,AUT
AIRA_48,NO,AZE
AIRA_48,NO,BLR
AIRA_48,YES,BEL
AIRA_48,NO,BGR
AIRA_48,YES,HRV
AIRA_48,NO,CYP
AIRA_48,YES,CZE
AIRA_48,YES,DNK
AIRA_48,YES,EST
AIRA_48,YES,FIN
AIRA_48,YES,FRA
AIRA_48,YES,GEO
AIRA_48,DNK,DEU
AIRA_48,NO,GRC
AIRA_48,YES,HUN
AIRA_48,YES,ISL
AIRA_48,YES,IRL
AIRA_48,YES,ISR
AIRA_48,YES,ITA
AIRA_48,YES,KAZ
AIRA_48,NO,KGZ
AIRA_48,YES,LVA
AIRA_48,NO,LTU
AIRA_48,NO,LUX
AIRA_48,NO,MLT
AIRA_48,NO,MNE
AIRA_48,YES,NLD
AIRA_48,DNK,MKD
AIRA_48,YES,NOR
AIRA_48,YES,POL
AIRA_48,YES,PRT
AIRA_48,NO,MDA
AIRA_48,DNK,ROU
AIRA_48,YES,RUS
AIRA_48,NO,SMR
AIRA_48,NO,SRB
AIRA_48,DNK,SVK
AIRA_48,NO,SVN
AIRA_48,YES,ESP
AIRA_48,YES,SWE
AIRA_48,DNK,CHE
AIRA_48,NO,TUR
AIRA_48,NO,TJK
AIRA_48,DNK,UKR
AIRA_48,YES,GBR
AIRA_48,YES,UZB
AIRA_48,,BIH
AIRA_48,,MCO
AIRA_48,,TKM
AIRA_49,NO,ALB
AIRA_49,NO,AND
AIRA_49,NO,ARM
AIRA_49,YES,AUT
AIRA_49,NO,AZE
AIRA_49,NO,BLR
AIRA_49,YES,BEL
AIRA_49,DNK,BGR
AIRA_49,YES,HRV
AIRA_49,NO,CYP
AIRA_49,YES,CZE
AIRA_49,DNK,DNK
AIRA_49,NO,EST
AIRA_49,YES,FIN
AIRA_49,YES,FRA
AIRA_49,DNK,GEO
AIRA_49,DNK,DEU
AIRA_49,NO,GRC
AIRA_49,NO,HUN
AIRA_49,YES,ISL
AIRA_49,DNK,IRL
AIRA_49,YES,ISR
AIRA_49,YES,ITA
AIRA_49,NO,KAZ
AIRA_49,NO,KGZ
AIRA_49,YES,LVA
AIRA_49,NO,LTU
AIRA_49,DNK,LUX
AIRA_49,NO,MLT
AIRA_49,NO,MNE
AIRA_49,NO,NLD
AIRA_49,YES,MKD
AIRA_49,DNK,NOR
AIRA_49,YES,POL
AIRA_49,YES,PRT
AIRA_49,NO,MDA
AIRA_49,DNK,ROU
AIRA_49,YES,RUS
AIRA_49,YES,SMR
AIRA_49,YES,SRB
AIRA_49,DNK,SVK
AIRA_49,DNK,SVN
AIRA_49,YES,ESP
AIRA_49,DNK,SWE
AIRA_49,DNK,CHE
AIRA_49,NO,TUR
AIRA_49,NO,TJK
AIRA_49,DNK,UKR
AIRA_49,YES,GBR
AIRA_49,YES,UZB
AIRA_49,,BIH
AIRA_49,,MCO
AIRA_49,,TKM
AIRA_50,DNK,ALB
AIRA_50,NO,AND
AIRA_50,YES,ARM
AIRA_50,YES,AUT
AIRA_50,NO,AZE
AIRA_50,NO,BLR
AIRA_50,YES,BEL
AIRA_50,NO,BGR
AIRA_50,YES,HRV
AIRA_50,NO,CYP
AIRA_50,YES,CZE
AIRA_50,YES,DNK
AIRA_50,YES,EST
AIRA_50,YES,FIN
AIRA_50,YES,FRA
AIRA_50,DNK,GEO
AIRA_50,DNK,DEU
AIRA_50,NO,GRC
AIRA_50,YES,HUN
AIRA_50,YES,ISL
AIRA_50,YES,IRL
AIRA_50,YES,ISR
AIRA_50,YES,ITA
AIRA_50,YES,KAZ
AIRA_50,NO,KGZ
AIRA_50,YES,LVA
AIRA_50,YES,LTU
AIRA_50,YES,LUX
AIRA_50,YES,MLT
AIRA_50,NO,MNE
AIRA_50,YES,NLD
AIRA_50,YES,MKD
AIRA_50,YES,NOR
AIRA_50,YES,POL
AIRA_50,YES,PRT
AIRA_50,NO,MDA
AIRA_50,DNK,ROU
AIRA_50,YES,RUS
AIRA_50,NO,SMR
AIRA_50,YES,SRB
AIRA_50,NO,SVK
AIRA_50,DNK,SVN
AIRA_50,YES,ESP
AIRA_50,YES,SWE
AIRA_50,NO,CHE
AIRA_50,YES,TUR
AIRA_50,YES,TJK
AIRA_50,YES,UKR
AIRA_50,YES,GBR
AIRA_50,NO,UZB
AIRA_50,,BIH
AIRA_50,,MCO
AIRA_50,,TKM
AIRA_51,DNK,ALB
AIRA_51,NO,AND
AIRA_51,DNK,ARM
AIRA_51,YES,AUT
AIRA_51,NO,AZE
AIRA_51,NO,BLR
AIRA_51,DNK,BEL
AIRA_51,NO,BGR
AIRA_51,YES,HRV
AIRA_51,NO,CYP
AIRA_51,YES,CZE
AIRA_51,YES,DNK
AIRA_51,YES,EST
AIRA_51,YES,FIN
AIRA_51,YES,FRA
AIRA_51,DNK,GEO
AIRA_51,DNK,DEU
AIRA_51,NO,GRC
AIRA_51,YES,HUN
AIRA_51,NO,ISL
AIRA_51,NO,IRL
AIRA_51,YES,ISR
AIRA_51,YES,ITA
AIRA_51,NO,KAZ
AIRA_51,NO,KGZ
AIRA_51,DNK,LVA
AIRA_51,DNK,LTU
AIRA_51,DNK,LUX
AIRA_51,NO,MLT
AIRA_51,NO,MNE
AIRA_51,YES,NLD
AIRA_51,DNK,MKD
AIRA_51,DNK,NOR
AIRA_51,YES,POL
AIRA_51,NO,PRT
AIRA_51,NO,MDA
AIRA_51,DNK,ROU
AIRA_51,YES,RUS
AIRA_51,NO,SMR
AIRA_51,NO,SRB
AIRA_51,NO,SVK
AIRA_51,DNK,SVN
AIRA_51,YES,ESP
AIRA_51,YES,SWE
AIRA_51,DNK,CHE
AIRA_51,YES,TUR
AIRA_51,YES,TJK
AIRA_51,DNK,UKR
AIRA_51,YES,GBR
AIRA_51,NO,UZB
AIRA_51,,BIH
AIRA_51,,MCO
AIRA_51,,TKM
AIRA_52,DNK,ALB
AIRA_52,NO,AND
AIRA_52,NO,ARM
AIRA_52,YES,AUT
AIRA_52,NO,AZE
AIRA_52,NO,BLR
AIRA_52,YES,BEL
AIRA_52,NO,BGR
AIRA_52,NO,HRV
AIRA_52,NO,CYP
AIRA_52,YES,CZE
AIRA_52,YES,DNK
AIRA_52,YES,EST
AIRA_52,YES,FIN
AIRA_52,YES,FRA
AIRA_52,DNK,GEO
AIRA_52,DNK,DEU
AIRA_52,NO,GRC
AIRA_52,DNK,HUN
AIRA_52,YES,ISL
AIRA_52,NO,IRL
AIRA_52,YES,ISR
AIRA_52,YES,ITA
AIRA_52,YES,KAZ
AIRA_52,NO,KGZ
AIRA_52,YES,LVA
AIRA_52,DNK,LTU
AIRA_52,NO,LUX
AIRA_52,NO,MLT
AIRA_52,NO,MNE
AIRA_52,DNK,NLD
AIRA_52,DNK,MKD
AIRA_52,DNK,NOR
AIRA_52,YES,POL
AIRA_52,NO,PRT
AIRA_52,NO,MDA
AIRA_52,DNK,ROU
AIRA_52,YES,RUS
AIRA_52,NO,SMR
AIRA_52,NO,SRB
AIRA_52,YES,SVK
AIRA_52,DNK,SVN
AIRA_52,YES,ESP
AIRA_52,YES,SWE
AIRA_52,DNK,CHE
AIRA_52,NO,TUR
AIRA_52,YES,TJK
AIRA_52,DNK,UKR
AIRA_52,YES,GBR
AIRA_52,NO,UZB
AIRA_52,,BIH
AIRA_52,,MCO
AIRA_52,,TKM
AIRA_53,NO,ALB
AIRA_53,NO,AND
AIRA_53,NO,ARM
AIRA_53,YES,AUT
AIRA_53,NO,AZE
AIRA_53,NO,BLR
AIRA_53,YES,BEL
AIRA_53,NO,BGR
AIRA_53,NO,HRV
AIRA_53,NO,CYP
AIRA_53,YES,CZE
AIRA_53,YES,DNK
AIRA_53,NO,EST
AIRA_53,YES,FIN
AIRA_53,YES,FRA
AIRA_53,DNK,GEO
AIRA_53,DNK,DEU
AIRA_53,NO,GRC
AIRA_53,YES,HUN
AIRA_53,NO,ISL
AIRA_53,NO,IRL
AIRA_53,YES,ISR
AIRA_53,YES,ITA
AIRA_53,YES,KAZ
AIRA_53,NO,KGZ
AIRA_53,NO,LVA
AIRA_53,NO,LTU
AIRA_53,NO,LUX
AIRA_53,NO,MLT
AIRA_53,NO,MNE
AIRA_53,YES,NLD
AIRA_53,DNK,MKD
AIRA_53,YES,NOR
AIRA_53,YES,POL
AIRA_53,NO,PRT
AIRA_53,NO,MDA
AIRA_53,DNK,ROU
AIRA_53,YES,RUS
AIRA_53,NO,SMR
AIRA_53,NO,SRB
AIRA_53,NO,SVK
AIRA_53,DNK,SVN
AIRA_53,YES,ESP
AIRA_53,DNK,SWE
AIRA_53,DNK,CHE
AIRA_53,NO,TUR
AIRA_53,NO,TJK
AIRA_53,DNK,UKR
AIRA_53,YES,GBR
AIRA_53,NO,UZB
AIRA_53,,BIH
AIRA_53,,MCO
AIRA_53,,TKM
AIRA_54,,ALB
AIRA_54,,AND
AIRA_54,,ARM
AIRA_54,,AUT
AIRA_54,,AZE
AIRA_54,,BLR
AIRA_54,,BEL
AIRA_54,,BGR
AIRA_54,,HRV
AIRA_54,,CYP
AIRA_54,,CZE
AIRA_54,,DNK
AIRA_54,,EST
AIRA_54,,FIN
AIRA_54,,FRA
AIRA_54,,GEO
AIRA_54,,DEU
AIRA_54,,GRC
AIRA_54,,HUN
AIRA_54,,ISL
AIRA_54,,IRL
AIRA_54,,ISR
AIRA_54,,ITA
AIRA_54,,KAZ
AIRA_54,,KGZ
AIRA_54,,LVA
AIRA_54,,LTU
AIRA_54,,LUX
AIRA_54,,MLT
AIRA_54,,MNE
AIRA_54,,NLD
AIRA_54,,MKD
AIRA_54,,NOR
AIRA_54,,POL
AIRA_54,,PRT
AIRA_54,,MDA
AIRA_54,,ROU
AIRA_54,,RUS
AIRA_54,,SMR
AIRA_54,,SRB
AIRA_54,,SVK
AIRA_54,,SVN
AIRA_54,,ESP
AIRA_54,,SWE
AIRA_54,,CHE
AIRA_54,,TUR
AIRA_54,,TJK
AIRA_54,,UKR
AIRA_54,,GBR
AIRA_54,,UZB
AIRA_54,,BIH
AIRA_54,,MCO
AIRA_54,,TKM
AIRA_55,,ALB
AIRA_55,,AND
AIRA_55,,ARM
AIRA_55,,AUT
AIRA_55,,AZE
AIRA_55,,BLR
AIRA_55,,BEL
AIRA_55,,BGR
AIRA_55,,HRV
AIRA_55,,CYP
AIRA_55,,CZE
AIRA_55,,DNK
AIRA_55,,EST
AIRA_55,,FIN
AIRA_55,,FRA
AIRA_55,,GEO
AIRA_55,,DEU
AIRA_55,,GRC
AIRA_55,,HUN
AIRA_55,,ISL
AIRA_55,,IRL
AIRA_55,,ISR
AIRA_55,,ITA
AIRA_55,,KAZ
AIRA_55,,KGZ
AIRA_55,,LVA
AIRA_55,,LTU
AIRA_55,,LUX
AIRA_55,,MLT
AIRA_55,,MNE
AIRA_55,,NLD
AIRA_55,,MKD
AIRA_55,,NOR
AIRA_55,,POL
AIRA_55,,PRT
AIRA_55,,MDA
AIRA_55,,ROU
AIRA_55,,RUS
AIRA_55,,SMR
AIRA_55,,SRB
AIRA_55,,SVK
AIRA_55,,SVN
AIRA_55,,ESP
AIRA_55,,SWE
AIRA_55,,CHE
AIRA_55,,TUR
AIRA_55,,TJK
AIRA_55,,UKR
AIRA_55,,GBR
AIRA_55,,UZB
AIRA_55,,BIH
AIRA_55,,MCO
AIRA_55,,TKM
AIRA_56,,ALB
AIRA_56,,AND
AIRA_56,,ARM
AIRA_56,,AUT
AIRA_56,,AZE
AIRA_56,,BLR
AIRA_56,,BEL
AIRA_56,,BGR
AIRA_56,,HRV
AIRA_56,,CYP
AIRA_56,,CZE
AIRA_56,,DNK
AIRA_56,,EST
AIRA_56,,FIN
AIRA_56,,FRA
AIRA_56,,GEO
AIRA_56,,DEU
AIRA_56,,GRC
AIRA_56,,HUN
AIRA_56,,ISL
AIRA_56,,IRL
AIRA_56,,ISR
AIRA_56,,ITA
AIRA_56,,KAZ
AIRA_56,,KGZ
AIRA_56,,LVA
AIRA_56,,LTU
AIRA_56,,LUX
AIRA_56,,MLT
AIRA_56,,MNE
AIRA_56,,NLD
AIRA_56,,MKD
AIRA_56,,NOR
AIRA_56,,POL
AIRA_56,,PRT
AIRA_56,,MDA
AIRA_56,,ROU
AIRA_56,,RUS
AIRA_56,,SMR
AIRA_56,,SRB
AIRA_56,,SVK
AIRA_56,,SVN
AIRA_56,,ESP
AIRA_56,,SWE
AIRA_56,,CHE
AIRA_56,,TUR
AIRA_56,,TJK
AIRA_56,,UKR
AIRA_56,,GBR
AIRA_56,,UZB
AIRA_56,,BIH
AIRA_56,,MCO
AIRA_56,,TKM
AIRA_57,,ALB
AIRA_57,,AND
AIRA_57,,ARM
AIRA_57,,AUT
AIRA_57,,AZE
AIRA_57,,BLR
AIRA_57,,BEL
AIRA_57,,BGR
AIRA_57,,HRV
AIRA_57,,CYP
AIRA_57,,CZE
AIRA_57,,DNK
AIRA_57,,EST
AIRA_57,,FIN
AIRA_57,,FRA
AIRA_57,,GEO
AIRA_57,,DEU
AIRA_57,,GRC
AIRA_57,,HUN
AIRA_57,,ISL
AIRA_57,,IRL
AIRA_57,,ISR
AIRA_57,,ITA
AIRA_57,,KAZ
AIRA_57,,KGZ
AIRA_57,,LVA
AIRA_57,,LTU
AIRA_57,,LUX
AIRA_57,,MLT
AIRA_57,,MNE
AIRA_57,,NLD
AIRA_57,,MKD
AIRA_57,,NOR
AIRA_57,,POL
AIRA_57,,PRT
AIRA_57,,MDA
AIRA_57,,ROU
AIRA_57,,RUS
AIRA_57,,SMR
AIRA_57,,SRB
AIRA_57,,SVK
AIRA_57,,SVN
AIRA_57,,ESP
AIRA_57,,SWE
AIRA_57,,CHE
AIRA_57,,TUR
AIRA_57,,TJK
AIRA_57,,UKR
AIRA_57,,GBR
AIRA_57,,UZB
AIRA_57,,BIH
AIRA_57,,MCO
AIRA_57,,TKM
AIRA_58,,ALB
AIRA_58,,AND
AIRA_58,,ARM
AIRA_58,,AUT
AIRA_58,,AZE
AIRA_58,,BLR
AIRA_58,,BEL
AIRA_58,,BGR
AIRA_58,,HRV
AIRA_58,,CYP
AIRA_58,,CZE
AIRA_58,,DNK
AIRA_58,,EST
AIRA_58,,FIN
AIRA_58,,FRA
AIRA_58,,GEO
AIRA_58,,DEU
AIRA_58,,GRC
AIRA_58,,HUN
AIRA_58,,ISL
AIRA_58,,IRL
AIRA_58,,ISR
AIRA_58,,ITA
AIRA_58,,KAZ
AIRA_58,,KGZ
AIRA_58,,LVA
AIRA_58,,LTU
AIRA_58,,LUX
AIRA_58,,MLT
AIRA_58,,MNE
AIRA_58,,NLD
AIRA_58,,MKD
AIRA_58,,NOR
AIRA_58,,POL
AIRA_58,,PRT
AIRA_58,,MDA
AIRA_58,,ROU
AIRA_58,,RUS
AIRA_58,,SMR
AIRA_58,,SRB
AIRA_58,,SVK
AIRA_58,,SVN
AIRA_58,,ESP
AIRA_58,,SWE
AIRA_58,,CHE
AIRA_58,,TUR
AIRA_58,,TJK
AIRA_58,,UKR
AIRA_58,,GBR
AIRA_58,,UZB
AIRA_58,,BIH
AIRA_58,,MCO
AIRA_58,,TKM
AIRA_59,,ALB
AIRA_59,,AND
AIRA_59,,ARM
AIRA_59,,AUT
AIRA_59,,AZE
AIRA_59,,BLR
AIRA_59,,BEL
AIRA_59,,BGR
AIRA_59,,HRV
AIRA_59,,CYP
AIRA_59,,CZE
AIRA_59,,DNK
AIRA_59,,EST
AIRA_59,,FIN
AIRA_59,,FRA
AIRA_59,,GEO
AIRA_59,,DEU
AIRA_59,,GRC
AIRA_59,,HUN
AIRA_59,,ISL
AIRA_59,,IRL
AIRA_59,,ISR
AIRA_59,,ITA
AIRA_59,,KAZ
AIRA_59,,KGZ
AIRA_59,,LVA
AIRA_59,,LTU
AIRA_59,,LUX
AIRA_59,,MLT
AIRA_59,,MNE
AIRA_59,,NLD
AIRA_59,,MKD
AIRA_59,,NOR
AIRA_59,,POL
AIRA_59,,PRT
AIRA_59,,MDA
AIRA_59,,ROU
AIRA_59,,RUS
AIRA_59,,SMR
AIRA_59,,SRB
AIRA_59,,SVK
AIRA_59,,SVN
AIRA_59,,ESP
AIRA_59,,SWE
AIRA_59,,CHE
AIRA_59,,TUR
AIRA_59,,TJK
AIRA_59,,UKR
AIRA_59,,GBR
AIRA_59,,UZB
AIRA_59,,BIH
AIRA_59,,MCO
AIRA_59,,TKM
AIRA_60,,ALB
AIRA_60,,AND
AIRA_60,,ARM
AIRA_60,,AUT
AIRA_60,,AZE
AIRA_60,,BLR
AIRA_60,,BEL
AIRA_60,,BGR
AIRA_60,,HRV
AIRA_60,,CYP
AIRA_60,,CZE
AIRA_60,,DNK
AIRA_60,,EST
AIRA_60,,FIN
AIRA_60,,FRA
AIRA_60,,GEO
AIRA_60,,DEU
AIRA_60,,GRC
AIRA_60,,HUN
AIRA_60,,ISL
AIRA_60,,IRL
AIRA_60,,ISR
AIRA_60,,ITA
AIRA_60,,KAZ
AIRA_60,,KGZ
AIRA_60,,LVA
AIRA_60,,LTU
AIRA_60,,LUX
AIRA_60,,MLT
AIRA_60,,MNE
AIRA_60,,NLD
AIRA_60,,MKD
AIRA_60,,NOR
AIRA_60,,POL
AIRA_60,,PRT
AIRA_60,,MDA
AIRA_60,,ROU
AIRA_60,,RUS
AIRA_60,,SMR
AIRA_60,,SRB
AIRA_60,,SVK
AIRA_60,,SVN
AIRA_60,,ESP
AIRA_60,,SWE
AIRA_60,,CHE
AIRA_60,,TUR
AIRA_60,,TJK
AIRA_60,,UKR
AIRA_60,,GBR
AIRA_60,,UZB
AIRA_60,,BIH
AIRA_60,,MCO
AIRA_60,,TKM
AIRA_61,,ALB
AIRA_61,,AND
AIRA_61,,ARM
AIRA_61,,AUT
AIRA_61,,AZE
AIRA_61,,BLR
AIRA_61,,BEL
AIRA_61,,BGR
AIRA_61,,HRV
AIRA_61,,CYP
AIRA_61,,CZE
AIRA_61,,DNK
AIRA_61,,EST
AIRA_61,,FIN
AIRA_61,,FRA
AIRA_61,,GEO
AIRA_61,,DEU
AIRA_61,,GRC
AIRA_61,,HUN
AIRA_61,,ISL
AIRA_61,,IRL
AIRA_61,,ISR
AIRA_61,,ITA
AIRA_61,,KAZ
AIRA_61,,KGZ
AIRA_61,,LVA
AIRA_61,,LTU
AIRA_61,,LUX
AIRA_61,,MLT
AIRA_61,,MNE
AIRA_61,,NLD
AIRA_61,,MKD
AIRA_61,,NOR
AIRA_61,,POL
AIRA_61,,PRT
AIRA_61,,MDA
AIRA_61,,ROU
AIRA_61,,RUS
AIRA_61,,SMR
AIRA_61,,SRB
AIRA_61,,SVK
AIRA_61,,SVN
AIRA_61,,ESP
AIRA_61,,SWE
AIRA_61,,CHE
AIRA_61,,TUR
AIRA_61,,TJK
AIRA_61,,UKR
AIRA_61,,GBR
AIRA_61,,UZB
AIRA_61,,BIH
AIRA_61,,MCO
AIRA_61,,TKM
AIRA_62,,ALB
AIRA_62,,AND
AIRA_62,,ARM
AIRA_62,,AUT
AIRA_62,,AZE
AIRA_62,,BLR
AIRA_62,,BEL
AIRA_62,,BGR
AIRA_62,,HRV
AIRA_62,,CYP
AIRA_62,,CZE
AIRA_62,,DNK
AIRA_62,,EST
AIRA_62,,FIN
AIRA_62,,FRA
AIRA_62,,GEO
AIRA_62,,DEU
AIRA_62,,GRC
AIRA_62,,HUN
AIRA_62,,ISL
AIRA_62,,IRL
AIRA_62,,ISR
AIRA_62,,ITA
AIRA_62,,KAZ
AIRA_62,,KGZ
AIRA_62,,LVA
AIRA_62,,LTU
AIRA_62,,LUX
AIRA_62,,MLT
AIRA_62,,MNE
AIRA_62,,NLD
AIRA_62,,MKD
AIRA_62,,NOR
AIRA_62,,POL
AIRA_62,,PRT
AIRA_62,,MDA
AIRA_62,,ROU
AIRA_62,,RUS
AIRA_62,,SMR
AIRA_62,,SRB
AIRA_62,,SVK
AIRA_62,,SVN
AIRA_62,,ESP
AIRA_62,,SWE
AIRA_62,,CHE
AIRA_62,,TUR
AIRA_62,,TJK
AIRA_62,,UKR
AIRA_62,,GBR
AIRA_62,,UZB
AIRA_62,,BIH
AIRA_62,,MCO
AIRA_62,,TKM
AIRA_63,,ALB
AIRA_63,,AND
AIRA_63,,ARM
AIRA_63,,AUT
AIRA_63,,AZE
AIRA_63,,BLR
AIRA_63,,BEL
AIRA_63,,BGR
AIRA_63,,HRV
AIRA_63,,CYP
AIRA_63,,CZE
AIRA_63,,DNK
AIRA_63,,EST
AIRA_63,,FIN
AIRA_63,,FRA
AIRA_63,,GEO
AIRA_63,,DEU
AIRA_63,,GRC
AIRA_63,,HUN
AIRA_63,,ISL
AIRA_63,,IRL
AIRA_63,,ISR
AIRA_63,,ITA
AIRA_63,,KAZ
AIRA_63,,KGZ
AIRA_63,,LVA
AIRA_63,,LTU
AIRA_63,,LUX
AIRA_63,,MLT
AIRA_63,,MNE
AIRA_63,,NLD
AIRA_63,,MKD
AIRA_63,,NOR
AIRA_63,,POL
AIRA_63,,PRT
AIRA_63,,MDA
AIRA_63,,ROU
AIRA_63,,RUS
AIRA_63,,SMR
AIRA_63,,SRB
AIRA_63,,SVK
AIRA_63,,SVN
AIRA_63,,ESP
AIRA_63,,SWE
AIRA_63,,CHE
AIRA_63,,TUR
AIRA_63,,TJK
AIRA_63,,UKR
AIRA_63,,GBR
AIRA_63,,UZB
AIRA_63,,BIH
AIRA_63,,MCO
AIRA_63,,TKM
AIRA_64,,ALB
AIRA_64,,AND
AIRA_64,,ARM
AIRA_64,,AUT
AIRA_64,,AZE
AIRA_64,,BLR
AIRA_64,,BEL
AIRA_64,,BGR
AIRA_64,,HRV
AIRA_64,,CYP
AIRA_64,,CZE
AIRA_64,,DNK
AIRA_64,,EST
AIRA_64,,FIN
AIRA_64,,FRA
AIRA_64,,GEO
AIRA_64,,DEU
AIRA_64,,GRC
AIRA_64,,HUN
AIRA_64,,ISL
AIRA_64,,IRL
AIRA_64,,ISR
AIRA_64,,ITA
AIRA_64,,KAZ
AIRA_64,,KGZ
AIRA_64,,LVA
AIRA_64,,LTU
AIRA_64,,LUX
AIRA_64,,MLT
AIRA_64,,MNE
AIRA_64,,NLD
AIRA_64,,MKD
AIRA_64,,NOR
AIRA_64,,POL
AIRA_64,,PRT
AIRA_64,,MDA
AIRA_64,,ROU
AIRA_64,,RUS
AIRA_64,,SMR
AIRA_64,,SRB
AIRA_64,,SVK
AIRA_64,,SVN
AIRA_64,,ESP
AIRA_64,,SWE
AIRA_64,,CHE
AIRA_64,,TUR
AIRA_64,,TJK
AIRA_64,,UKR
AIRA_64,,GBR
AIRA_64,,UZB
AIRA_64,,BIH
AIRA_64,,MCO
AIRA_64,,TKM
AIRA_65,,ALB
AIRA_65,,AND
AIRA_65,,ARM
AIRA_65,,AUT
AIRA_65,,AZE
AIRA_65,,BLR
AIRA_65,,BEL
AIRA_65,,BGR
AIRA_65,,HRV
AIRA_65,,CYP
AIRA_65,,CZE
AIRA_65,,DNK
AIRA_65,,EST
AIRA_65,,FIN
AIRA_65,,FRA
AIRA_65,,GEO
AIRA_65,,DEU
AIRA_65,,GRC
AIRA_65,,HUN
AIRA_65,,ISL
AIRA_65,,IRL
AIRA_65,,ISR
AIRA_65,,ITA
AIRA_65,,KAZ
AIRA_65,,KGZ
AIRA_65,,LVA
AIRA_65,,LTU
AIRA_65,,LUX
AIRA_65,,MLT
AIRA_65,,MNE
AIRA_65,,NLD
AIRA_65,,MKD
AIRA_65,,NOR
AIRA_65,,POL
AIRA_65,,PRT
AIRA_65,,MDA
AIRA_65,,ROU
AIRA_65,,RUS
AIRA_65,,SMR
AIRA_65,,SRB
AIRA_65,,SVK
AIRA_65,,SVN
AIRA_65,,ESP
AIRA_65,,SWE
AIRA_65,,CHE
AIRA_65,,TUR
AIRA_65,,TJK
AIRA_65,,UKR
AIRA_65,,GBR
AIRA_65,,UZB
AIRA_65,,BIH
AIRA_65,,MCO
AIRA_65,,TKM
AIRA_66,,ALB
AIRA_66,,AND
AIRA_66,,ARM
AIRA_66,,AUT
AIRA_66,,AZE
AIRA_66,,BLR
AIRA_66,,BEL
AIRA_66,,BGR
AIRA_66,,HRV
AIRA_66,,CYP
AIRA_66,,CZE
AIRA_66,,DNK
AIRA_66,,EST
AIRA_66,,FIN
AIRA_66,,FRA
AIRA_66,,GEO
AIRA_66,,DEU
AIRA_66,,GRC
AIRA_66,,HUN
AIRA_66,,ISL
AIRA_66,,IRL
AIRA_66,,ISR
AIRA_66,,ITA
AIRA_66,,KAZ
AIRA_66,,KGZ
AIRA_66,,LVA
AIRA_66,,LTU
AIRA_66,,LUX
AIRA_66,,MLT
AIRA_66,,MNE
AIRA_66,,NLD
AIRA_66,,MKD
AIRA_66,,NOR
AIRA_66,,POL
AIRA_66,,PRT
AIRA_66,,MDA
AIRA_66,,ROU
AIRA_66,,RUS
AIRA_66,,SMR
AIRA_66,,SRB
AIRA_66,,SVK
AIRA_66,,SVN
AIRA_66,,ESP
AIRA_66,,SWE
AIRA_66,,CHE
AIRA_66,,TUR
AIRA_66,,TJK
AIRA_66,,UKR
AIRA_66,,GBR
AIRA_66,,UZB
AIRA_66,,BIH
AIRA_66,,MCO
AIRA_66,,TKM
AIRA_67,,ALB
AIRA_67,,AND
AIRA_67,,ARM
AIRA_67,,AUT
AIRA_67,,AZE
AIRA_67,,BLR
AIRA_67,,BEL
AIRA_67,,BGR
AIRA_67,,HRV
AIRA_67,,CYP
AIRA_67,,CZE
AIRA_67,,DNK
AIRA_67,,EST
AIRA_67,,FIN
AIRA_67,,FRA
AIRA_67,,GEO
AIRA_67,,DEU
AIRA_67,,GRC
AIRA_67,,HUN
AIRA_67,,ISL
AIRA_67,,IRL
AIRA_67,,ISR
AIRA_67,,ITA
AIRA_67,,KAZ
AIRA_67,,KGZ
AIRA_67,,LVA
AIRA_67,,LTU
AIRA_67,,LUX
AIRA_67,,MLT
AIRA_67,,MNE
AIRA_67,,NLD
AIRA_67,,MKD
AIRA_67,,NOR
AIRA_67,,POL
AIRA_67,,PRT
AIRA_67,,MDA
AIRA_67,,ROU
AIRA_67,,RUS
AIRA_67,,SMR
AIRA_67,,SRB
AIRA_67,,SVK
AIRA_67,,SVN
AIRA_67,,ESP
AIRA_67,,SWE
AIRA_67,,CHE
AIRA_67,,TUR
AIRA_67,,TJK
AIRA_67,,UKR
AIRA_67,,GBR
AIRA_67,,UZB
AIRA_67,,BIH
AIRA_67,,MCO
AIRA_67,,TKM
AIRA_68,,ALB
AIRA_68,,AND
AIRA_68,,ARM
AIRA_68,,AUT
AIRA_68,,AZE
AIRA_68,,BLR
AIRA_68,,BEL
AIRA_68,,BGR
AIRA_68,,HRV
AIRA_68,,CYP
AIRA_68,,CZE
AIRA_68,,DNK
AIRA_68,,EST
AIRA_68,,FIN
AIRA_68,,FRA
AIRA_68,,GEO
AIRA_68,,DEU
AIRA_68,,GRC
AIRA_68,,HUN
AIRA_68,,ISL
AIRA_68,,IRL
AIRA_68,,ISR
AIRA_68,,ITA
AIRA_68,,KAZ
AIRA_68,,KGZ
AIRA_68,,LVA
AIRA_68,,LTU
AIRA_68,,LUX
AIRA_68,,MLT
AIRA_68,,MNE
AIRA_68,,NLD
AIRA_68,,MKD
AIRA_68,,NOR
AIRA_68,,POL
AIRA_68,,PRT
AIRA_68,,MDA
AIRA_68,,ROU
AIRA_68,,RUS
AIRA_68,,SMR
AIRA_68,,SRB
AIRA_68,,SVK
AIRA_68,,SVN
AIRA_68,,ESP
AIRA_68,,SWE
AIRA_68,,CHE
AIRA_68,,TUR
AIRA_68,,TJK
AIRA_68,,UKR
AIRA_68,,GBR
AIRA_68,,UZB
AIRA_68,,BIH
AIRA_68,,MCO
AIRA_68,,TKM
AIRA_69,,ALB
AIRA_69,,AND
AIRA_69,,ARM
AIRA_69,,AUT
AIRA_69,,AZE
AIRA_69,,BLR
AIRA_69,,BEL
AIRA_69,,BGR
AIRA_69,,HRV
AIRA_69,,CYP
AIRA_69,,CZE
AIRA_69,,DNK
AIRA_69,,EST
AIRA_69,,FIN
AIRA_69,,FRA
AIRA_69,,GEO
AIRA_69,,DEU
AIRA_69,,GRC
AIRA_69,,HUN
AIRA_69,,ISL
AIRA_69,,IRL
AIRA_69,,ISR
AIRA_69,,ITA
AIRA_69,,KAZ
AIRA_69,,KGZ
AIRA_69,,LVA
AIRA_69,,LTU
AIRA_69,,LUX
AIRA_69,,MLT
AIRA_69,,MNE
AIRA_69,,NLD
AIRA_69,,MKD
AIRA_69,,NOR
AIRA_69,,POL
AIRA_69,,PRT
AIRA_69,,MDA
AIRA_69,,ROU
AIRA_69,,RUS
AIRA_69,,SMR
AIRA_69,,SRB
AIRA_69,,SVK
AIRA_69,,SVN
AIRA_69,,ESP
AIRA_69,,SWE
AIRA_69,,CHE
AIRA_69,,TUR
AIRA_69,,TJK
AIRA_69,,UKR
AIRA_69,,GBR
AIRA_69,,UZB
AIRA_69,,BIH
AIRA_69,,MCO
AIRA_69,,TKM
AIRA_70,,ALB
AIRA_70,,AND
AIRA_70,,ARM
AIRA_70,,AUT
AIRA_70,,AZE
AIRA_70,,BLR
AIRA_70,,BEL
AIRA_70,,BGR
AIRA_70,,HRV
AIRA_70,,CYP
AIRA_70,,CZE
AIRA_70,,DNK
AIRA_70,,EST
AIRA_70,,FIN
AIRA_70,,FRA
AIRA_70,,GEO
AIRA_70,,DEU
AIRA_70,,GRC
AIRA_70,,HUN
AIRA_70,,ISL
AIRA_70,,IRL
AIRA_70,,ISR
AIRA_70,,ITA
AIRA_70,,KAZ
AIRA_70,,KGZ
AIRA_70,,LVA
AIRA_70,,LTU
AIRA_70,,LUX
AIRA_70,,MLT
AIRA_70,,MNE
AIRA_70,,NLD
AIRA_70,,MKD
AIRA_70,,NOR
AIRA_70,,POL
AIRA_70,,PRT
AIRA_70,,MDA
AIRA_70,,ROU
AIRA_70,,RUS
AIRA_70,,SMR
AIRA_70,,SRB
AIRA_70,,SVK
AIRA_70,,SVN
AIRA_70,,ESP
AIRA_70,,SWE
AIRA_70,,CHE
AIRA_70,,TUR
AIRA_70,,TJK
AIRA_70,,UKR
AIRA_70,,GBR
AIRA_70,,UZB
AIRA_70,,BIH
AIRA_70,,MCO
AIRA_70,,TKM
AIRA_71,DNK,ALB
AIRA_71,NO,AND
AIRA_71,YES,ARM
AIRA_71,YES,AUT
AIRA_71,NO,AZE
AIRA_71,YES,BLR
AIRA_71,YES,BEL
AIRA_71,DNK,BGR
AIRA_71,YES,HRV
AIRA_71,NO,CYP
AIRA_71,YES,CZE
AIRA_71,YES,DNK
AIRA_71,YES,EST
AIRA_71,YES,FIN
AIRA_71,YES,FRA
AIRA_71,DNK,GEO
AIRA_71,YES,DEU
AIRA_71,YES,GRC
AIRA_71,YES,HUN
AIRA_71,YES,ISL
AIRA_71,NO,IRL
AIRA_71,YES,ISR
AIRA_71,YES,ITA
AIRA_71,YES,KAZ
AIRA_71,NO,KGZ
AIRA_71,YES,LVA
AIRA_71,YES,LTU
AIRA_71,YES,LUX
AIRA_71,YES,MLT
AIRA_71,YES,MNE
AIRA_71,YES,NLD
AIRA_71,DNK,MKD
AIRA_71,YES,NOR
AIRA_71,YES,POL
AIRA_71,YES,PRT
AIRA_71,NO,MDA
AIRA_71,DNK,ROU
AIRA_71,YES,RUS
AIRA_71,DNK,SMR
AIRA_71,YES,SRB
AIRA_71,DNK,SVK
AIRA_71,DNK,SVN
AIRA_71,DNK,ESP
AIRA_71,YES,SWE
AIRA_71,YES,CHE
AIRA_71,YES,TUR
AIRA_71,NO,TJK
AIRA_71,NO,UKR
AIRA_71,YES,GBR
AIRA_71,DNK,UZB
AIRA_71,,BIH
AIRA_71,,MCO
AIRA_71,,TKM
AIRA_72,DNK,ALB
AIRA_72,NO,AND
AIRA_72,DNK,ARM
AIRA_72,NO,AUT
AIRA_72,NO,AZE
AIRA_72,NO,BLR
AIRA_72,YES,BEL
AIRA_72,NO,BGR
AIRA_72,YES,HRV
AIRA_72,NO,CYP
AIRA_72,NO,CZE
AIRA_72,DNK,DNK
AIRA_72,YES,EST
AIRA_72,YES,FIN
AIRA_72,YES,FRA
AIRA_72,DNK,GEO
AIRA_72,NO,DEU
AIRA_72,YES,GRC
AIRA_72,DNK,HUN
AIRA_72,NO,ISL
AIRA_72,NO,IRL
AIRA_72,DNK,ISR
AIRA_72,DNK,ITA
AIRA_72,NO,KAZ
AIRA_72,NO,KGZ
AIRA_72,DNK,LVA
AIRA_72,NO,LTU
AIRA_72,DNK,LUX
AIRA_72,NO,MLT
AIRA_72,NO,MNE
AIRA_72,DNK,NLD
AIRA_72,NO,MKD
AIRA_72,DNK,NOR
AIRA_72,DNK,POL
AIRA_72,YES,PRT
AIRA_72,DNK,MDA
AIRA_72,YES,ROU
AIRA_72,YES,RUS
AIRA_72,NO,SMR
AIRA_72,NO,SRB
AIRA_72,NO,SVK
AIRA_72,DNK,SVN
AIRA_72,DNK,ESP
AIRA_72,NO,SWE
AIRA_72,NO,CHE
AIRA_72,NO,TUR
AIRA_72,DNK,TJK
AIRA_72,NO,UKR
AIRA_72,YES,GBR
AIRA_72,DNK,UZB
AIRA_72,,BIH
AIRA_72,,MCO
AIRA_72,,TKM
AIRA_73,UD,ALB
AIRA_73,UD,AND
AIRA_73,UD,ARM
AIRA_73,UD,AUT
AIRA_73,NO,AZE
AIRA_73,NO,BLR
AIRA_73,YES,BEL
AIRA_73,DNK,BGR
AIRA_73,YES,HRV
AIRA_73,UD,CYP
AIRA_73,UD,CZE
AIRA_73,YES,DNK
AIRA_73,YES,EST
AIRA_73,YES,FIN
AIRA_73,YES,FRA
AIRA_73,DNK,GEO
AIRA_73,DNK,DEU
AIRA_73,NO,GRC
AIRA_73,UD,HUN
AIRA_73,NO,ISL
AIRA_73,DNK,IRL
AIRA_73,YES,ISR
AIRA_73,DNK,ITA
AIRA_73,UD,KAZ
AIRA_73,UD,KGZ
AIRA_73,UD,LVA
AIRA_73,DNK,LTU
AIRA_73,NO,LUX
AIRA_73,UD,MLT
AIRA_73,UD,MNE
AIRA_73,NO,NLD
AIRA_73,UD,MKD
AIRA_73,YES,NOR
AIRA_73,DNK,POL
AIRA_73,NO,PRT
AIRA_73,UD,MDA
AIRA_73,NO,ROU
AIRA_73,YES,RUS
AIRA_73,NO,SMR
AIRA_73,NO,SRB
AIRA_73,NO,SVK
AIRA_73,DNK,SVN
AIRA_73,UD,ESP
AIRA_73,NO,SWE
AIRA_73,DNK,CHE
AIRA_73,NO,TUR
AIRA_73,UD,TJK
AIRA_73,DNK,UKR
AIRA_73,DNK,GBR
AIRA_73,YES,UZB
AIRA_73,,BIH
AIRA_73,,MCO
AIRA_73,,TKM
AIRA_74,UD,ALB
AIRA_74,UD,AND
AIRA_74,DNK,ARM
AIRA_74,YES,AUT
AIRA_74,NO,AZE
AIRA_74,NO,BLR
AIRA_74,YES,BEL
AIRA_74,DNK,BGR
AIRA_74,UD,HRV
AIRA_74,UD,CYP
AIRA_74,UD,CZE
AIRA_74,YES,DNK
AIRA_74,YES,EST
AIRA_74,YES,FIN
AIRA_74,NO,FRA
AIRA_74,DNK,GEO
AIRA_74,DNK,DEU
AIRA_74,NO,GRC
AIRA_74,YES,HUN
AIRA_74,NO,ISL
AIRA_74,DNK,IRL
AIRA_74,YES,ISR
AIRA_74,NO,ITA
AIRA_74,UD,KAZ
AIRA_74,NO,KGZ
AIRA_74,UD,LVA
AIRA_74,DNK,LTU
AIRA_74,NO,LUX
AIRA_74,UD,MLT
AIRA_74,UD,MNE
AIRA_74,DNK,NLD
AIRA_74,UD,MKD
AIRA_74,YES,NOR
AIRA_74,DNK,POL
AIRA_74,NO,PRT
AIRA_74,UD,MDA
AIRA_74,NO,ROU
AIRA_74,YES,RUS
AIRA_74,NO,SMR
AIRA_74,NO,SRB
AIRA_74,NO,SVK
AIRA_74,DNK,SVN
AIRA_74,YES,ESP
AIRA_74,NO,SWE
AIRA_74,DNK,CHE
AIRA_74,NO,TUR
AIRA_74,UD,TJK
AIRA_74,DNK,UKR
AIRA_74,YES,GBR
AIRA_74,YES,UZB
AIRA_74,,BIH
AIRA_74,,MCO
AIRA_74,,TKM
AIRA_75,DNK,ALB
AIRA_75,NO,AND
AIRA_75,DNK,ARM
AIRA_75,YES,AUT
AIRA_75,DNK,AZE
AIRA_75,NO,BLR
AIRA_75,DNK,BEL
AIRA_75,DNK,BGR
AIRA_75,DNK,HRV
AIRA_75,YES,CYP
AIRA_75,NO,CZE
AIRA_75,YES,DNK
AIRA_75,YES,EST
AIRA_75,YES,FIN
AIRA_75,YES,FRA
AIRA_75,DNK,GEO
AIRA_75,DNK,DEU
AIRA_75,YES,GRC
AIRA_75,YES,HUN
AIRA_75,NO,ISL
AIRA_75,NO,IRL
AIRA_75,YES,ISR
AIRA_75,YES,ITA
AIRA_75,DNK,KAZ
AIRA_75,NO,KGZ
AIRA_75,DNK,LVA
AIRA_75,DNK,LTU
AIRA_75,NO,LUX
AIRA_75,YES,MLT
AIRA_75,NO,MNE
AIRA_75,YES,NLD
AIRA_75,NO,MKD
AIRA_75,YES,NOR
AIRA_75,YES,POL
AIRA_75,YES,PRT
AIRA_75,YES,MDA
AIRA_75,NO,ROU
AIRA_75,YES,RUS
AIRA_75,NO,SMR
AIRA_75,DNK,SRB
AIRA_75,NO,SVK
AIRA_75,DNK,SVN
AIRA_75,DNK,ESP
AIRA_75,NO,SWE
AIRA_75,DNK,CHE
AIRA_75,YES,TUR
AIRA_75,YES,TJK
AIRA_75,NO,UKR
AIRA_75,YES,GBR
AIRA_75,YES,UZB
AIRA_75,,BIH
AIRA_75,,MCO
AIRA_75,,TKM
